Date,Shift,activeClay,compactibility,gcs,gfnAfs,loi,moisture,permeability,S/M,C/S,C/M,bentonite,freshSilicaSand,returnSand,water,activeClay,compactibility,gcs,gfnAfs,loi,moisture,permeability,
"2022-11-02 00:00:00.0","A",6.8816,37.3158,26.4095,55.82,3.6295,3.2442,131.6842,9.680294701749913,0.005183356838944082,0.05017642174530957,0.00354133210093625,5.968336984365031E-7,0.9794794672122609,0.016978603853104377,6.9667,38.9167,26.3217,55.82,3.91,3.29,131.0
"2022-11-03 00:00:00.0","A",7.1371,38.9032,26.4029,55.82,3.8516,3.3968,132.4839,8.32231168225385,0.007591726609614849,0.06318071505167508,0.0032954255531521858,6.110686816986074E-7,0.9800379825747512,0.01666598080341483,7.0,38.6875,25.5006,55.7244,4.04,3.37,129.0
"2022-11-03 00:00:00.0","B",7.0567,38.2,26.3603,55.6897,4.098,3.322,127.2333,8.78471529072236,0.002479260703941788,0.021779599415604513,0.002738690220681119,5.555098920545876E-7,0.9788877883561911,0.01837296591323583,7.15,38.0,26.3333,55.65,4.07,3.3733,136.6667
"2022-11-04 00:00:00.0","A",7.1062,39.125,26.2706,55.65,4.0497,3.3681,134.1562,9.055140169490917,0.012224345242517651,0.11069315965124676,0.0029135095038400954,6.074429664241774E-7,0.9803774416636654,0.016708441389528147,7.0375,38.75,27.0325,55.63,3.9175,3.23,127.75
"2022-11-04 00:00:00.0","B",7.0463,38.037,27.0689,55.5878,3.8833,3.2333,129.1852,7.769792001382896,0.002501954527879597,0.019439666278542614,0.00354374308251299,5.60599461725381E-7,0.9785925971542665,0.017863099163758875,7.1,39.1667,26.7317,55.57,3.7967,3.3367,127.0
"2022-11-05 00:00:00.0","A",7.1043,39.0435,26.3043,55.57,3.8048,3.327,126.7391,10.334672992849649,0.007102550574016517,0.07340253759763726,0.0025421039629761736,5.339989272582481E-7,0.9817404696580174,0.015716892380079124,6.75,37.0,25.5,55.57,3.48,3.2,130.0
"2022-11-07 00:00:00.0","A",7.0222,38.4074,26.5093,55.57,3.7163,3.2778,127.7778,8.856100349665002,0.008068686285001448,0.07145709542993854,0.002102457764197193,5.736811352577449E-7,0.9831212278303603,0.01477574072430725,7.04,38.1,27.365,55.566,3.848,3.282,125.5
"2022-11-07 00:00:00.0","B",7.0721,38.1471,27.5103,55.5621,4.0753,3.2812,127.9118,9.68900690989497,0.0011654684280041395,0.011292231652196534,0.002456529361128791,5.781889180842826E-7,0.9840683609775747,0.013474531472378417,7.2,35.8571,27.9857,55.56,4.4,3.3143,124.4286
"2022-11-08 00:00:00.0","A",7.0879,37.4242,27.0439,55.56,3.9036,3.3236,131.3333,9.337275046059508,0.007494868231998462,0.06998164611614338,0.0020060849756467574,5.7891314287246E-7,0.984234017987989,0.013759318123221191,6.86,38.4,26.504,55.647,3.62,3.268,133.6
"2022-11-08 00:00:00.0","B",6.9,38.8966,26.0497,55.78,3.6262,3.2662,132.8966,9.571378568597835,0.008892807111462646,0.08511642340132798,0.004493498071507842,6.385218198675811E-7,0.9780789226691737,0.017426940737498488,6.8143,39.4286,26.3029,55.85,3.63,3.24,130.5714
"2022-11-09 00:00:00.0","A",6.8478,38.6957,26.1387,55.85,3.63,3.2,129.9565,10.209279717826238,0.008722865834670808,0.08905417724722413,0.002800308984585788,5.99772481516742E-7,0.9828158001141483,0.014383291128784382,7.0056,38.4444,28.0244,55.7467,3.67,3.28,128.0
"2022-11-09 00:00:00.0","B",7.0543,38.4783,27.5574,55.6209,3.7317,3.2583,129.913,9.879287356756215,0.0034762118469050876,0.0343424957485356,0.002957667689412239,5.710200291592459E-7,0.9814085230887849,0.01563323820177373,7.05,37.5,27.55,55.54,3.71,3.2033,131.3333
"2022-11-10 00:00:00.0","A",7.0788,38.4615,27.7442,55.54,3.6869,3.25,131.1538,10.175367504082931,0.01686688287400629,0.17162673189133654,0.002647225806111805,6.035126190099452E-7,0.9799011708390085,0.017450999842260517,7.0143,38.0,28.0014,55.4429,3.61,3.1486,128.1429
"2022-11-11 00:00:00.0","A",7.084,38.44,27.6196,55.37,4.12,3.2304,129.72,9.123112786415144,0.008687610802690518,0.0792580531974242,0.0037966448190574903,6.081751016358795E-7,0.9778886740000519,0.018314073005788897,6.9714,38.5714,25.6857,55.46,4.17,3.2114,128.7143
"2022-11-11 00:00:00.0","B",7.0096,38.4615,27.1908,55.4358,4.1488,3.2038,128.1923,8.612744003454356,0.004497963463900139,0.03873980785146271,0.0032315860191627706,6.135134087580235E-7,0.9814845090555256,0.015283291411902766,7.11,38.1,27.205,55.46,4.054,3.338,130.9
"2022-11-14 00:00:00.0","A",7.0724,38.0345,26.9541,55.46,3.83,3.3124,131.6207,10.05559764197975,0.014284097176415881,0.14363513388497715,0.0028343861453284077,5.706925633861599E-7,0.9815548469896399,0.01561019617246832,7.05,38.4,25.903,55.454,3.866,3.322,129.4
"2022-11-14 00:00:00.0","B",7.0917,38.375,26.4721,55.4521,3.8392,3.3258,130.25,9.400257488081506,0.0010647586776052213,0.010009005732158245,0.0019200144192374393,6.297710272201523E-8,0.9844108369235005,0.01366908568015932,6.95,40.0,25.5,55.45,4.05,3.46,131.0
"2022-11-15 00:00:00.0","A",7.1417,39.3333,26.6828,55.45,3.8767,3.3894,134.5,9.459649243198962,0.008292470041321184,0.07844385795063401,0.0019330247541687361,5.815602479505838E-7,0.9833405326370737,0.014725861048509661,6.9786,38.4286,27.2143,55.5557,3.79,3.2914,131.7143
"2022-11-15 00:00:00.0","B",7.082,38.32,27.2664,55.7016,3.9668,3.3108,132.6,9.52644753847804,0.012707908128715386,0.12106122011200576,0.002437001502575978,5.774496049112287E-7,0.9821996648184133,0.015362756229405887,7.04,39.2,26.216,55.82,4.086,3.3,132.7
"2022-11-16 00:00:00.0","A",7.0229,39.0417,25.9742,55.82,4.02,3.315,132.0833,10.452026493266258,0.007295891531478757,0.07625685157901291,0.0022310819635721728,6.101922648235932E-7,0.9827126867539583,0.0150556210902048,7.0857,38.9286,26.6264,55.5,3.945,3.3207,134.7143
"2022-11-16 00:00:00.0","B",7.1268,38.6786,27.1004,55.44,3.9632,3.3214,133.8571,10.386860100552076,0.003515743713743993,0.03651753810405426,0.0022880336293636494,5.526789617862132E-7,0.9850142273596512,0.012697186332023625,6.95,37.5,26.3,55.26,4.2,3.26,135.6667
"2022-11-17 00:00:00.0","A",7.0641,38.8438,26.3703,55.26,3.7472,3.3344,140.3438,9.549782596944125,0.00996888571810468,0.09520069134168091,0.0025046568274271906,6.01493524797813E-7,0.9815681504933524,0.015926591185695622,6.9062,38.125,26.3875,55.525,3.51,3.23,135.625
"2022-11-17 00:00:00.0","B",6.9652,38.3478,26.8,55.9974,3.557,3.2704,135.2174,8.531658462009137,0.0017242665234716026,0.014710853075735575,0.0032917848990721738,5.737573307278956E-7,0.9787343800000019,0.01797326134359536,7.0,39.3333,25.1133,56.32,3.69,3.3267,135.6667
"2022-11-18 00:00:00.0","A",7.0042,38.9583,25.3742,56.32,3.69,3.3104,135.2083,8.974526179274637,0.012342393340969577,0.11076713215343642,0.003159617117907032,5.739966230870734E-7,0.9826037366130655,0.01423607227240417,6.9308,38.8462,26.0092,56.1738,3.9531,3.3031,136.6923
"2022-11-18 00:00:00.0","B",6.95,38.7778,26.1356,56.1793,3.9433,3.2867,135.9259,9.970249298438084,0.002289717033818453,0.02282904965005016,0.0023640616815775116,5.183940815636261E-7,0.9832339653881091,0.014401454536231614,7.1375,39.5,26.3,56.13,4.07,3.425,138.75
"2022-11-21 00:00:00.0","A",7.1457,39.5217,26.4048,56.13,3.8309,3.4009,138.2174,9.597669651867616,0.01849279531551221,0.17748774037789114,0.0016067202624459281,5.943220462354963E-7,0.9838152443934023,0.014577441022105599,7.0125,39.25,26.705,56.13,3.5025,3.285,136.25
"2022-11-21 00:00:00.0","B",7.0,38.9375,26.1856,56.13,3.5156,3.31,134.3125,9.472838416724986,0.0013583762682090894,0.012867678897858587,0.002647340670007865,1.1569912788889876E-7,0.9798269893091113,0.017525554321752915,7.05,38.0,25.2,56.13,3.45,3.28,141.0
"2022-11-22 00:00:00.0","A",6.9323,39.0645,25.7658,56.13,3.5213,3.2948,141.7097,9.228363330793949,0.018646907227945115,0.17208043489508534,0.0026746122648966058,6.158898120832011E-7,0.9825353585359758,0.014789413309315427,6.8,38.0,26.284,56.174,3.58,3.248,132.4
"2022-11-22 00:00:00.0","B",6.8833,38.9444,25.7733,56.2644,3.6033,3.2722,134.6667,10.387927527772913,0.005004834409155661,0.05198985713081318,0.0030239535221779456,5.61875297403474E-7,0.9821911739937281,0.014784310608796454,7.0167,38.6667,25.2333,56.35,3.65,3.3267,134.6667
"2022-11-23 00:00:00.0","A",7.068,38.92,26.2692,56.35,3.6284,3.3216,138.8,9.91527294023299,0.016505678962127426,0.16365831197335504,0.0031499406041118863,6.163527032414609E-7,0.9791202942921493,0.017729148751035567,6.985,39.2,26.479,56.35,3.6,3.234,136.8
"2022-11-28 00:00:00.0","A",7.0036,39.8571,26.2854,56.35,3.64,3.2807,134.2143,8.401450500911787,0.012891504743602934,0.10830733898564955,0.0021167181668589195,5.894469620381513E-7,0.9839633428576221,0.013919349528557133,6.9625,38.5833,26.4,56.2,3.64,3.2333,131.5833
"2022-11-28 00:00:00.0","B",6.9833,38.3333,26.4389,56.19,3.64,3.2578,132.0556,9.027297137968992,0.0017887154598538947,0.016147265951379955,0.0028362219747744273,5.523938774112663E-7,0.9832734320125319,0.013889793618816463,6.9833,35.3333,27.2167,56.17,3.64,3.1833,127.3333
"2022-11-29 00:00:00.0","A",7.0234,38.4062,26.9372,56.17,3.5809,3.285,133.9688,9.548967321448503,0.014953659710921675,0.14279200791565214,0.0021049959406837346,6.019241853670055E-7,0.9839017959847057,0.01399260615042506,7.0143,39.0,27.5586,56.17,3.55,3.2143,132.8571
"2022-11-29 00:00:00.0","B",7.0848,38.4783,27.7635,56.17,3.55,3.2183,132.3043,8.992495193748002,0.011701789910654636,0.10522828952981068,0.004075866210583781,5.764232500535068E-7,0.9800106159964694,0.01591294136969647,6.84,39.3,26.626,56.17,3.38,3.22,132.5
"2022-11-30 00:00:00.0","A",6.8809,37.7647,26.3556,56.17,3.43,3.1606,132.2059,8.987442879884227,0.003569210473098369,0.03207807525325615,0.002883056014937889,5.940574989132811E-7,0.9817326025160644,0.015383747411498823,7.0633,39.1333,26.7547,56.3973,3.688,3.2627,135.2
"2022-11-30 00:00:00.0","B",7.087,38.6087,27.0183,56.3991,3.6722,3.273,134.3478,11.038884891965333,0.0036777846625999297,0.04059864154787619,0.002825658120774219,5.00691802718108E-7,0.983754535419047,0.013419305768376152,7.1333,40.3333,27.1667,56.48,3.8,3.3733,147.0
"2022-12-01 00:00:00.0","A",7.0639,39.3333,26.5781,56.48,3.5492,3.325,143.8611,8.54726151507416,0.013106050458313026,0.11202084069695899,0.0029633497444339378,6.204805013679701E-7,0.9820688572729409,0.014967172502123633,6.85,38.1,25.84,56.328,3.37,3.238,137.9
"2022-12-02 00:00:00.0","A",6.882,38.2,26.4168,56.1,3.3028,3.1824,137.92,9.495323245398643,0.010487403590748985,0.09958128709911603,0.0028471950837142884,5.98199025866233E-7,0.9835044276731839,0.013647779044076026,7.1577,38.6154,27.1054,56.1,3.8808,3.2692,135.3846
"2022-12-02 00:00:00.0","B",7.1652,38.2609,27.5452,56.1,3.7848,3.2735,133.9565,10.36683441482748,0.00182912127227687,0.018962197354332883,8.044717331871459E-4,5.379282736122675E-8,0.9790294579743267,0.020166016499658764,7.1,35.0,28.7,56.1,4.07,3.36,138.0
"2022-12-05 00:00:00.0","A",7.1771,37.6571,28.3114,56.1,3.8174,3.3109,142.0286,9.46041379823698,0.01763415405365675,0.16682639432945087,0.001689810457289294,6.117075071870038E-7,0.9861024563345131,0.012207121500690551,7.1938,37.75,28.1562,55.8806,4.215,3.2381,138.625
"2022-12-06 00:00:00.0","A",7.0486,38.4722,27.0403,55.83,3.785,3.2833,143.5833,8.77868131323676,0.01509834833827549,0.13254358841795835,0.0017511392378111777,6.603644020452072E-7,0.9827059254529985,0.015542274944788177,6.865,38.5,26.321,55.64,3.431,3.222,143.2
"2022-12-06 00:00:00.0","B",6.864,38.24,26.4164,55.184,3.5444,3.1796,143.4,8.127653940853873,0.007281122573968953,0.059178444582158866,0.005620336757454026,5.690370832964331E-7,0.9716962262899579,0.02268286791550466,6.95,38.0,25.97,54.88,3.14,3.3,135.0
"2022-12-07 00:00:00.0","A",6.7364,38.0455,25.1564,54.88,3.4018,3.1718,138.3182,8.540026119311284,0.007280108492311459,0.06217231667575976,0.003972947128413039,6.305565975954603E-7,0.9795483345670306,0.016478087747958742,6.975,38.25,26.1237,54.8575,3.14,3.315,135.375
"2022-12-07 00:00:00.0","B",6.9804,38.6522,26.0361,54.8409,3.14,3.3122,138.6957,9.691165940036372,0.0046935372652466755,0.045485848483250046,0.004194934207364873,5.706771338803288E-7,0.9820402345523992,0.013764260563102053,6.9375,39.0,26.0725,54.82,3.72,3.34,137.5
"2022-12-08 00:00:00.0","A",7.0296,39.3333,26.5796,54.82,3.72,3.3089,140.4815,9.444000294104736,0.015081505680796362,0.1424297440849831,0.003003495799273775,6.493538042156938E-7,0.9789407539924684,0.018055100854453613,6.95,39.0,25.72,54.82,3.72,3.3,148.0
"2022-12-08 00:00:00.0","B",7.028,38.6,26.488,55.2152,3.72,3.2856,143.0,8.548672419890696,0.012442349889527466,0.1063655733392335,0.0030451496363899247,5.705565181428247E-7,0.9814131481192019,0.0155411316878901,6.8,40.0,25.8267,55.34,3.16,3.2333,140.6667
"2022-12-09 00:00:00.0","A",6.9875,38.75,26.5179,55.34,3.37,3.2392,142.6667,9.934034077865542,0.012967438882491336,0.1288189797613076,0.002635951029094935,6.03286023559576E-7,0.9782450451469514,0.019118400537930038,6.925,38.5,27.375,55.31,3.16,3.215,136.25
"2022-12-12 00:00:00.0","A",6.9922,38.7188,26.9606,55.3,3.1225,3.2613,138.0312,8.193771873005023,0.01338791301619843,0.10969750511036454,0.0022275954894335733,5.74166924835749E-7,0.982718352857816,0.015053477485825414,7.1344,38.3125,27.7144,55.9325,3.5606,3.2481,133.125
"2022-12-12 00:00:00.0","B",7.1231,38.2692,27.5469,55.9015,3.4865,3.2623,133.2692,9.990802688620171,0.001506174864901626,0.015047895889791286,0.0019084501794735518,1.8743707119829524E-7,0.9763767436056653,0.021714618777789994,7.25,38.0,27.2,56.22,3.77,3.2,142.0
"2022-12-13 00:00:00.0","A",7.13,39.0571,27.1654,56.22,3.55,3.3177,144.0286,9.232100652406098,0.015555490709257241,0.14360985592543077,0.0019110426850054703,6.115676239491302E-7,0.9812880511547407,0.016800294592629886,6.975,38.0,26.46,56.22,3.42,3.26,141.0
"2022-12-13 00:00:00.0","B",6.9964,38.6429,27.0407,55.9818,3.8914,3.2386,142.3571,9.124544939101968,0.006324882854543313,0.057711677840835994,0.0032863500405882757,4.689110709135733E-7,0.9763218778773562,0.020391303170984466,6.925,39.5,26.515,55.93,4.02,3.26,140.0
"2022-12-14 00:00:00.0","A",6.9325,38.95,25.9155,55.93,4.02,3.242,140.8,10.004929344851252,0.008916164065916915,0.08920559150660039,0.0024115230876129564,5.877704874565882E-7,0.9833587131458134,0.014229175996086363,7.0036,38.3571,27.6914,55.9586,4.0586,3.24,138.3571
"2022-12-14 00:00:00.0","B",7.022,38.76,27.6604,55.9588,4.0608,3.2508,138.8,10.516276735197609,0.00614129728476767,0.06458358175973448,0.0020675986732977053,4.919651086199578E-7,0.9816241307932595,0.016307778568334107,7.15,40.0,26.2,55.97,4.08,3.3667,151.6667
"2022-12-15 00:00:00.0","B",6.9466,38.2069,27.2207,55.9631,3.28,3.1559,142.3103,7.98004443084061,0.009287375706030958,0.07411367078003674,0.003749524035210759,5.317623923855221E-7,0.9759899543343429,0.020259989868054024,6.95,38.5,26.2,55.96,3.28,3.13,139.0
"2022-12-19 00:00:00.0","A",6.931,38.5238,26.1652,55.96,3.3505,3.2124,139.5238,8.9888107581859,0.010294552107077888,0.09253578073080704,0.00251836300321852,5.901001252806505E-7,0.979545261206869,0.017935785689787327,7.0,38.3,26.11,55.603,3.594,3.272,142.4
"2022-12-19 00:00:00.0","B",7.028,38.6,26.076,55.5112,3.5996,3.3308,143.0,8.870528797650012,0.0055900372492330664,0.04958658639925817,0.0010050984574919944,5.39180945157376E-7,0.9830917773402872,0.015902585021275655,7.0833,38.6667,28.0767,55.45,3.52,3.2133,136.6667
"2022-12-20 00:00:00.0","A",7.1474,39.2632,28.0279,55.45,3.5158,3.2895,140.8947,10.671340596347484,0.01527840861092546,0.16304110205735384,9.914458073319089E-4,5.726298972809306E-7,0.9840066307451324,0.015001350817638434,7.15,37.8571,28.8671,55.735,3.5757,3.2186,141.2857
"2022-12-21 00:00:00.0","A",7.0833,37.5758,27.3655,56.02,3.4082,3.2212,145.5152,7.981658184200175,0.005583274471826385,0.04456378838268898,0.002634465536295156,5.733865665712982E-7,0.9791667789093623,0.018198182167775856,6.98,37.7,26.802,55.868,3.766,3.182,139.1
"2022-12-21 00:00:00.0","B",6.9732,38.1786,26.5543,55.8707,3.7129,3.2146,141.7857,10.656183421964595,0.006634307947709329,0.07069640236858811,0.002745231972594658,4.2489673348523056E-7,0.9789057340516085,0.018348609079063348,7.05,39.0,28.33,55.83,3.89,3.18,134.0
"2022-12-22 00:00:00.0","A",7.0,38.7391,27.123,55.83,3.89,3.2183,145.087,9.572524084630272,0.010819957458329135,0.10357430336453059,0.0027248059019454227,5.770505276752959E-7,0.9810549222307393,0.01621969481678758,6.97,38.6,27.626,55.83,3.89,3.196,142.2
"2022-12-22 00:00:00.0","B",7.0361,38.0556,28.4556,55.83,3.89,3.2078,142.3333,8.99970497640689,0.0019380980436749305,0.01744231060842573,0.0023608126853349883,5.576700417860736E-7,0.9738901439452065,0.023748485699416812,7.08,38.8,26.5,55.83,3.89,3.28,142.0
"2023-01-03 00:00:00.0","B",7.1135,38.3514,27.3876,55.83,3.5459,3.2595,143.9459,9.080719633906272,0.00981305539643768,0.08910960480704154,9.713042070979532E-4,5.373485622341908E-7,0.9840843891186584,0.014943769325681392,6.9625,38.5,25.335,55.83,3.22,3.32,143.25
"2023-01-05 00:00:00.0","A",6.9778,39.0556,25.9911,55.83,3.22,3.3056,145.2778,9.931863472828198,0.0014782174333726299,0.014681453731411472,0.001709268471616794,5.798948250549793E-7,0.9834565588790007,0.014833592754557343,7.08,38.3,27.457,55.83,3.787,3.242,146.4
"2023-01-06 00:00:00.0","A",7.0097,38.7419,26.7642,55.83,3.7019,3.2342,150.1613,8.812382973153396,0.014101750450535938,0.12427002556196111,0.0028162490710545635,6.088035139782997E-7,0.980502615263757,0.016680526861674514,6.8786,37.8571,26.3857,55.6529,3.51,3.1914,144.0
"2023-01-06 00:00:00.0","B",6.9423,38.4615,27.0308,55.4246,3.4892,3.2054,144.4615,9.132790077345083,0.005258422302173116,0.04802406702377673,0.0034601658006090203,6.021049756045058E-7,0.9740086092429785,0.02253062285143684,7.0,40.0,27.9,55.21,3.33,3.2,148.0
"2023-01-07 00:00:00.0","A",6.9727,39.0,26.8745,55.21,3.2088,3.2103,153.303,9.101598495946698,0.01714814338958348,0.15607551608291134,0.003373121241337425,6.187721660641765E-7,0.9805624064828075,0.01606385350368892,6.935,38.5,26.25,55.606,3.187,3.204,148.9
"2023-01-09 00:00:00.0","A",6.9812,39.5625,26.0812,55.87,3.1363,3.3062,148.1562,8.16821007788457,0.007903128018119335,0.06455440992441425,0.0017968809320122326,5.489448298480649E-7,0.983179828051298,0.015022742071859727,7.0792,38.6667,25.9583,55.87,3.04,3.3475,146.75
"2023-01-09 00:00:00.0","B",7.082,38.8,25.996,55.87,3.04,3.3432,145.56,9.709990022797085,8.409125124347895E-4,0.008165252105787035,0.0012565085579172327,5.464863676376885E-7,0.9804883675156945,0.018254577440020552,7.0571,38.7143,26.9571,55.87,3.04,3.3,148.4286
"2023-01-10 00:00:00.0","A",7.0581,39.0,26.7019,55.87,3.04,3.2903,147.2581,8.863737483066545,0.012493549469302135,0.11073954272759946,0.0026593255459988023,6.341965814816478E-7,0.9797255398677844,0.01761450038963537,6.94,39.2,25.64,55.87,3.04,3.276,145.8
"2023-01-10 00:00:00.0","B",6.9818,38.7273,26.5545,55.87,3.1582,3.28,145.2727,8.539030492016815,0.0068617322480027665,0.05859254089375071,0.003969640192847891,6.464121617877734E-7,0.9793351624372232,0.01669455095776712,6.9,38.0,26.15,55.87,3.56,3.223,144.4
"2023-01-11 00:00:00.0","A",6.887,38.3913,25.9713,55.87,3.56,3.2283,144.5652,9.828643187043241,0.004284194823847443,0.04210782226737409,0.0023994475168209197,6.187334292926552E-7,0.982203220202248,0.01539671354750177,7.1467,38.0667,27.0467,56.2167,3.734,3.2887,144.0
"2023-01-11 00:00:00.0","B",7.1845,38.0345,27.6379,56.2645,3.74,3.3,142.8966,10.473963600997946,0.004334532378211884,0.04539973435673834,0.001459401693600199,3.773013685626161E-7,0.9833416918163181,0.015198529188713013,7.05,40.0,26.4,56.39,3.85,3.34,155.0
"2023-01-12 00:00:00.0","A",7.2392,39.0,27.7324,56.39,3.6943,3.36,149.3784,9.546472088414033,0.014707336866938212,0.14040318089512835,0.0012845845064563912,6.473033235337092E-7,0.9825208433473586,0.016193924842861467,7.175,39.5,27.55,55.13,4.03,3.3,151.5
"2023-01-13 00:00:00.0","A",6.9095,37.9048,27.1714,55.13,3.6162,3.1119,145.619,8.528129251845643,0.006453668356182572,0.05503771789007118,0.00376706557667127,6.211941403723778E-7,0.9770123193753943,0.01921999385379404,6.9,36.8333,26.45,55.4883,3.6983,3.1467,138.6667
"2023-01-13 00:00:00.0","B",6.9568,37.4091,26.15,55.4623,3.49,3.2441,141.5455,8.784367438212056,0.002392851661403995,0.021019688218908872,0.0020436939628233077,6.251774162667007E-7,0.9821157943406927,0.01583988651906778,7.1,39.6,26.76,55.56,3.36,3.34,153.6
"2023-01-16 00:00:00.0","A",7.1214,39.0857,26.9829,55.56,3.4583,3.3463,152.0286,8.628434746062643,0.01524715556866326,0.1315590868872766,9.987564747088768E-4,5.730295753341994E-7,0.9857500095609047,0.013250660934811033,7.2147,37.8824,27.5412,55.0741,3.4188,3.2612,147.5882
"2023-01-16 00:00:00.0","B",7.1907,37.963,27.2148,55.1011,3.4007,3.277,147.7037,10.246712109424434,3.5634394356630854E-6,3.6513538016609516E-5,0.0020467271340150455,4.0657157789690685E-7,0.9847908043495852,0.013162061944821857,7.225,39.0,27.2,54.97,3.46,3.325,162.25
"2023-01-17 00:00:00.0","A",7.0853,38.8235,27.1706,54.97,3.4291,3.2588,158.9118,9.304037404508511,0.012675859466255025,0.11793667060833005,0.0025407013304043894,5.873498593697392E-7,0.9818561435054123,0.015602567814324035,6.8,38.4286,24.8857,55.3243,3.41,3.1886,151.1429
"2023-01-17 00:00:00.0","B",6.868,38.96,25.236,55.4164,3.4996,3.224,153.88,8.518125903732923,0.004393992501027745,0.03742858134381265,0.004313319494705085,6.196467795677441E-7,0.9791542828946774,0.016531777963838055,6.9,40.0,25.59,55.59,3.73,3.28,145.0
"2023-01-18 00:00:00.0","A",6.932,38.32,25.6848,55.59,3.73,3.2456,150.2,9.367771897022495,0.013159634366865012,0.12327645299700947,0.0027271005355421914,6.068940470548022E-7,0.9814395767872612,0.015832715783149577,7.0909,38.4545,26.8409,55.59,3.73,3.2382,147.0
"2023-01-19 00:00:00.0","A",7.1157,38.2571,27.1826,55.59,3.73,3.2257,153.4,9.305550102637255,0.017261384545387726,0.16062667872799388,0.0018362328378570489,6.055905079861313E-7,0.9824541394944237,0.01570902207721119,6.9875,38.125,26.9812,55.59,3.73,3.135,150.0
"2023-01-23 00:00:00.0","A",7.064,37.6,26.5768,55.59,3.202,3.132,145.48,7.788101882932852,0.0062732806019594614,0.04885694846828662,0.0020363694507552527,5.962619812659481E-7,0.98186665841322,0.01609637587404361,7.0267,38.9333,25.5893,55.646,3.3173,3.32,147.9333
"2023-01-23 00:00:00.0","B",7.0538,38.9615,25.5469,55.6465,3.335,3.3385,148.6923,9.500493813632836,1.541478551408686E-4,0.001464480744150593,0.0013216034444495628,5.67715654072595E-7,0.9808373499363283,0.01784047890356809,7.18,39.4,26.998,55.66,3.572,3.352,152.6
"2023-01-24 00:00:00.0","A",7.2233,39.0333,26.7423,55.66,3.4973,3.29,156.5333,8.391668525536092,0.015378848139208456,0.1290541958887949,0.0021260767991263343,6.141831162761443E-7,0.9819463170413706,0.01592699197638682,6.9375,37.75,26.005,55.585,3.46,3.135,154.75
"2023-01-24 00:00:00.0","B",6.8815,38.0741,25.6756,55.497,3.5044,3.1726,153.4444,8.295581159571595,0.0019355711617846758,0.01605668766271106,0.0049295537889314,5.591338929976866E-7,0.9758488777299369,0.019221009347238627,7.0357,38.0,25.3729,55.46,3.86,3.3143,150.8571
"2023-01-25 00:00:00.0","A",6.9524,39.381,25.1905,55.46,3.8667,3.3067,152.0952,8.665326442415221,0.007079739084602298,0.06134825029520482,0.003067946927329136,6.316319967144407E-7,0.9771639010814713,0.019767520359202713,6.9321,39.1429,25.0371,55.6529,3.93,3.3529,151.2143
"2023-01-25 00:00:00.0","B",6.9583,39.625,24.9675,55.7975,3.93,3.3633,153.75,10.358321515010175,0.0023398764488243543,0.024237192562322915,0.0029419396927311456,5.782407594303777E-7,0.980880313690103,0.01617716837640649,7.0667,39.0,25.9667,56.0,3.7767,3.42,154.0
"2023-01-26 00:00:00.0","A",7.1375,39.375,26.4028,56.0,3.5562,3.3887,153.875,9.45856107760951,0.017023816597735775,0.16102080906370636,0.001993719183508654,5.915773592251257E-7,0.9828721504035524,0.01513353883557986,7.1278,38.3333,27.2022,55.8278,3.6033,3.3378,149.4444
"2023-01-26 00:00:00.0","B",7.1138,38.3103,26.8972,55.7755,3.6355,3.3124,149.6552,8.472626816556977,0.002499393377393005,0.021176427354424883,0.00417929933873859,6.367099465116761E-7,0.9751794383225676,0.020640625628747328,7.03,39.2,26.236,55.69,3.71,3.248,147.2
"2023-01-27 00:00:00.0","A",7.0275,38.9,25.7375,55.69,3.71,3.295,145.4,8.761222123875642,0.009521385332493554,0.08341897182498757,0.002603575353271443,5.631060579943328E-7,0.979963482136186,0.017432379404484576,7.2,38.0,27.4,55.678,3.71,3.384,142.4
"2023-01-27 00:00:00.0","B",7.138,38.08,26.5156,55.6708,3.71,3.3296,142.88,8.07301294175973,0.0010926581251456578,0.008821043185219818,0.0021364028548089904,6.16538439420128E-7,0.976215305511641,0.02164767509511046,7.575,40.0,25.51,55.66,3.65,3.4,141.5
"2023-01-30 00:00:00.0","A",7.7052,39.4483,26.1186,55.66,3.6355,3.4069,150.2069,9.01260451002146,0.016874864285385868,0.15208647796446872,0.0011965235962416714,6.204386151812283E-7,0.9845885763838823,0.014214279581260631,7.2438,38.0,27.1206,55.8175,3.59,3.2925,147.125
"2023-01-30 00:00:00.0","B",7.2604,38.0417,27.1554,55.8262,3.59,3.3075,147.25,10.304065738272152,0.0010774939116312504,0.01110256809803641,0.00111045162202809,6.623075988899003E-7,0.982662904874689,0.01622598119568412,7.5333,38.6667,26.5333,55.87,3.59,3.3467,156.6667
"2023-01-31 00:00:00.0","A",7.9424,39.1818,26.4594,55.87,3.4436,3.3388,155.2727,7.333845695438902,0.02320069844686581,0.17015034243572286,0.001383138061045023,6.149479690740381E-7,0.9824612523668065,0.016154994624179436,7.4,38.3333,25.4433,55.6033,3.4133,3.2256,149.6667
"2023-01-31 00:00:00.0","B",7.3357,38.3214,26.0079,55.4629,3.4243,3.2232,150.6429,7.230048905279421,0.0013776571657170915,0.009960528682843207,0.004543486278621951,6.287918075241296E-7,0.9790370104424403,0.01641887448713025,7.4,40.0,25.78,55.27,3.34,3.32,141.0
"2023-02-01 00:00:00.0","A",7.518,39.16,25.0564,55.27,3.4128,3.2696,145.44,8.45226295729886,0.009631482571736143,0.08140782336495496,0.0031176023088198197,6.675458731435659E-7,0.9803356902500867,0.01654603989522026,7.7091,38.2727,27.2473,55.4518,3.34,3.3145,138.2727
"2023-02-02 00:00:00.0","A",7.9016,38.5,26.3541,55.77,3.3906,3.2706,144.125,8.328681794868487,0.01410190835790713,0.11745030741340488,0.0030706362231663724,6.243155614602275E-7,0.9807206385753393,0.01620810088593277,7.4429,37.9286,26.7886,55.2171,3.4,3.2257,139.8571
"2023-02-03 00:00:00.0","A",7.7875,38.9167,25.6229,54.91,3.31,3.3092,142.5833,8.489038170977924,0.009249640903447072,0.07852055469720093,0.002859808364305954,6.086080944919882E-7,0.9808671559696028,0.016272427057996905,7.675,37.75,26.5425,55.9375,3.31,3.3125,142.25
"2023-02-06 00:00:00.0","A",8.2129,38.2571,26.1571,56.28,3.4186,3.3531,147.0571,8.154919420008456,0.009318497017117828,0.07599159229018505,0.0013044758066441315,5.765196796136658E-7,0.9840142713405978,0.014680676333078397,7.7706,39.1176,25.3294,56.3506,3.5265,3.4665,147.1765
"2023-02-06 00:00:00.0","B",7.7458,39.0833,25.3292,56.3592,3.5267,3.4346,147.25,10.24145237831316,3.08583239968167E-4,0.0031603405568795644,5.894576358064652E-4,5.778608099554925E-7,0.984101800533876,0.015308163969507349,7.9643,40.2857,25.6,56.38,3.5714,3.4571,153.9286
"2023-02-07 00:00:00.0","A",8.0188,40.125,25.7753,56.38,3.6156,3.4456,156.5625,10.677935278776106,0.012797872592661534,0.13665485525046242,0.0014727562757550449,6.111494191474816E-7,0.9812100237358528,0.017316608838973145,7.4,38.25,24.6225,56.38,3.65,3.315,151.75
"2023-02-07 00:00:00.0","B",7.3417,39.25,25.1663,55.6754,3.485,3.3067,150.75,10.01463276517326,0.008860831783118434,0.08873797630190648,0.004024940880241865,5.684871081160034E-7,0.9821560098101628,0.013818480822487043,7.7,39.2,25.252,55.49,3.29,3.328,150.6
"2023-02-08 00:00:00.0","A",7.7583,39.0833,25.6767,55.49,3.29,3.2967,152.6667,10.536364083225456,0.0067871590780735755,0.07151197913735202,0.0024335762166831894,5.602844260402899E-7,0.9800756134686961,0.01749025003019472,7.6409,38.8182,26.3309,55.2173,3.29,3.3618,150.9091
"2023-02-08 00:00:00.0","B",7.6222,39.2778,26.0578,55.1289,3.3678,3.3961,153.8333,12.282698688766974,0.005175501201717997,0.06356912182405355,0.001560597827467491,6.683710357090788E-7,0.9851191639727723,0.013319569828724488,8.3591,40.6364,27.1909,54.99,4.1336,3.4236,156.8182
"2023-02-09 00:00:00.0","A",8.1919,40.2581,26.6661,54.99,4.45,3.3761,158.1935,9.144206403060117,0.013513288419256775,0.12356829848976594,0.0015663761142960795,6.130630584329078E-7,0.9822874417522406,0.016145569070404778,7.4,38.5556,25.5356,55.24,4.81,3.1967,154.5556
"2023-02-09 00:00:00.0","B",7.348,39.32,25.3456,55.332,4.5124,3.2292,156.0,8.589376813798893,0.0018442736092876362,0.01584116097791642,0.004461210986754764,5.851915338577355E-7,0.9778508169431458,0.017687386878565647,7.53,39.8,26.356,55.44,3.88,3.24,150.0
"2023-02-10 00:00:00.0","B",7.5861,38.5556,26.6878,56.2267,3.8333,3.3089,147.7778,7.996111727335003,0.0019474476567227519,0.015572009046291867,0.002981807485078767,5.883533541399595E-7,0.979465332091679,0.01755227206988814,7.9,40.0,26.2,56.62,3.59,3.26,155.0
"2023-02-13 00:00:00.0","A",8.1103,39.4118,25.9353,56.62,3.6159,3.3506,148.2941,8.342921389959947,0.005157024551649924,0.04302465044050876,0.0015717517142182136,6.355088498962689E-7,0.9848131818640957,0.01361443091283606,7.4333,37.75,26.9967,56.62,3.59,3.26,143.0
"2023-02-14 00:00:00.0","A",7.6813,39.6875,25.4444,56.62,3.7069,3.3444,151.6875,7.697468906118987,0.010260886839714508,0.07898285739790795,0.002381327772300977,6.286242122086637E-7,0.9798191144958124,0.017798929107674458,7.2667,38.0,24.63,56.62,3.76,3.2933,151.3333
"2023-02-14 00:00:00.0","B",7.1615,39.4615,24.3288,55.5892,3.8477,3.2662,153.3462,8.4494359075886,0.006318629424643435,0.053388854347328124,0.005015519603759382,5.941581189453832E-7,0.978147267366267,0.016836618871854732,7.55,38.875,25.2225,55.28,3.88,3.18,144.0
"2023-02-15 00:00:00.0","A",7.58,39.0667,25.1133,55.28,3.88,3.2,144.8667,10.198121626818441,0.004572637386470568,0.04663231222256406,0.003083561240955947,6.428102729240998E-7,0.978712101388082,0.018203694560689196,7.7833,39.0833,26.4308,55.595,3.88,3.375,143.0
"2023-02-15 00:00:00.0","B",7.6962,39.9615,25.8719,56.1038,3.8423,3.385,148.5,9.89625591009123,0.004959668381489978,0.0490821475324128,0.0033105038842479646,7.898607537722553E-7,0.9834364763823495,0.013252229872648595,8.2,43.0,26.4,56.54,3.81,3.46,155.0
"2023-02-16 00:00:00.0","A",8.2531,40.0625,26.4203,56.54,3.8375,3.3244,150.5625,8.478822342923706,0.009914130971572361,0.08406015519243965,0.002595100346498527,5.668935320660708E-7,0.9807354107034651,0.016668922056504085,7.5333,37.6667,27.0022,56.2289,3.85,3.2822,148.0
"2023-02-17 00:00:00.0","A",7.9,39.0,26.7562,55.98,3.85,3.3246,149.6923,8.719654490670392,0.005066927166168372,0.044181854218379855,0.0034475253084524683,6.038564400608756E-7,0.9771523243956394,0.019399546439468156,7.53,37.8,25.71,55.68,3.85,3.242,146.2
"2023-02-20 00:00:00.0","A",7.6176,39.4118,25.67,55.68,3.7559,3.3594,147.2353,8.25968474615194,0.006423939326984511,0.05305971366929953,0.002164464254936935,5.63396633924569E-7,0.9815662340768178,0.016268738271611426,7.4917,38.5,25.0292,55.93,3.6075,3.4,150.1667
"2023-02-20 00:00:00.0","B",7.5714,38.4643,25.6982,56.13,3.6186,3.3521,149.3571,8.920703480110454,6.809285381018738E-4,0.006074361579551909,0.0024627415474287,5.290782213462466E-7,0.9804848204754121,0.01705190889893814,7.6167,38.6667,26.7667,56.28,3.84,3.4533,146.0
"2023-02-21 00:00:00.0","A",8.0368,40.0294,25.9688,56.28,3.9415,3.3694,152.8235,8.027431133366152,0.006931046927435148,0.05563850189211472,0.0026978780753267964,7.281965541148181E-7,0.976580931120744,0.02072046260737534,7.36,39.6,24.1,56.28,3.99,3.24,151.8
"2023-02-21 00:00:00.0","B",7.3604,38.7917,24.525,56.28,3.99,3.2858,153.875,8.175794379804275,0.0062981069875724625,0.05149202771240097,0.0044158690329513615,5.656530840245718E-7,0.974534792584306,0.0210487727296585,7.75,40.5714,24.2829,56.28,3.7071,3.3114,150.8571
"2023-02-22 00:00:00.0","A",7.6389,40.7222,23.9122,56.28,3.8067,3.3522,153.4444,9.605151707295704,0.005990663459467934,0.05754123135554242,0.0033257585309238633,6.018915549798018E-7,0.9820568827207207,0.01461675685680044,7.8167,39.5,26.8208,56.4167,3.9575,3.335,151.0833
"2023-02-23 00:00:00.0","A",8.0692,39.5385,25.8077,56.69,4.17,3.4223,156.7692,10.091800436734664,0.009503875520849067,0.0959112151319765,0.0016721656053594696,6.119821212344195E-7,0.9806922843685275,0.017634938043991643,7.6286,31.34,26.3857,56.8443,4.285,3.2857,154.9286
"2023-02-23 00:00:00.0","B",7.6333,33.4483,27.1421,56.8475,4.3233,3.2858,154.25,9.094190652604874,0.002846363111137755,0.0258853687992283,0.005118971134005461,6.243237934071141E-7,0.9753647687181942,0.019515635824007074,7.6,35.0,24.5,56.87,4.4,3.2,162.0
"2023-02-27 00:00:00.0","A",7.7615,38.1538,24.9046,56.87,4.1092,3.2754,151.2308,9.077648509035722,0.008582607671283764,0.07790989573086761,0.002225817998213439,5.945558073752932E-7,0.9835513478232758,0.014222239622703237,7.7357,38.2143,26.2636,55.8843,3.86,3.39,147.6429
"2023-02-27 00:00:00.0","B",7.7132,38.4211,26.2468,55.8411,3.86,3.4137,147.6842,9.53343421962921,6.10722797907932E-4,0.005822285620283174,0.0013637090764374701,2.1849309990987163E-7,0.9754156245976412,0.023220447832821567,7.8,38.5,26.65,55.72,3.86,3.435,148.0
"2023-02-28 00:00:00.0","A",7.9576,39.6667,25.5333,55.72,3.8109,3.4394,150.7879,7.973665119883702,0.009961501862300376,0.07942967994108105,0.0013700320424586741,6.111262528802384E-7,0.9763108146933913,0.02231854213789707,7.3429,39.1429,24.73,55.8229,3.59,3.38,143.8571
"2023-02-28 00:00:00.0","B",7.4397,39.9655,24.4386,55.9807,3.59,3.3766,149.3793,8.4184688299861,0.0039810701930490106,0.03351451533016984,0.004122911148316367,5.871026580336922E-7,0.9753125172094465,0.02056398453957893,7.2,38.875,25.6763,56.08,3.64,3.3125,148.5
"2023-03-01 00:00:00.0","A",7.6413,39.7391,24.3709,56.08,3.6161,3.3209,152.3913,9.33438049321128,0.006802147838832939,0.06349383609874144,0.0028928849519966153,6.120598535663708E-7,0.981458289814083,0.015648213174066897,7.3556,39.2222,25.7178,56.1578,3.64,3.3744,149.8889
"2023-03-01 00:00:00.0","B",7.476,40.4,25.1924,56.304,3.64,3.3992,154.2,10.655784756110311,0.006917189746230106,0.0737080850530013,0.0026193470896239738,5.745938055095293E-7,0.9818724885540913,0.015507589762479122,7.95,42.0,24.075,56.43,3.58,3.41,159.0
"2023-03-02 00:00:00.0","A",8.2192,40.1154,25.8319,56.43,3.5523,3.4362,155.4615,9.257679271926781,0.007132456835695334,0.06602999780572917,0.002225415267201241,5.864004500733724E-7,0.9781312862260607,0.019642712106287895,7.725,38.0,24.7612,56.25,3.65,3.3275,150.75
"2023-03-02 00:00:00.0","B",7.6615,38.4231,25.1181,56.1808,3.72,3.3208,151.6923,8.922702968727483,0.005015268126611078,0.044749747802276994,0.003147181936662345,5.817001744743861E-7,0.9775145906396975,0.01933764572346572,7.8,40.3333,26.6733,56.07,3.78,3.3067,146.0
"2023-03-03 00:00:00.0","A",7.7083,39.9444,25.5317,56.07,3.78,3.365,153.0556,10.441267258649932,0.009070982612157132,0.09471255375209908,0.003020806280989943,5.855365294096174E-7,0.9789046350201438,0.01807397316233689,8.0,39.0,26.3,56.07,3.78,3.5,155.0
"2023-03-03 00:00:00.0","B",7.83,39.0,26.316,56.07,3.78,3.372,154.4,9.513278016087718,0.0065062030524530344,0.06189531846710425,0.001907408811673765,5.17377349100363E-7,0.9791448716652572,0.01894720214572007,8.15,42.0,24.1,56.07,3.69,3.46,162.0
"2023-03-06 00:00:00.0","A",8.3017,40.5667,26.1867,56.07,3.717,3.3427,155.8667,8.316235451088493,0.007114867841478672,0.0591689161731144,0.001290841999124501,5.725234411652426E-7,0.983246779392482,0.01546180608495229,7.7036,39.1429,25.25,55.9671,3.69,3.33,147.2143
"2023-03-06 00:00:00.0","B",7.5854,39.0,25.3054,55.96,3.69,3.3533,145.9167,9.90397761653015,5.033938024829612E-4,0.0049856009520912485,0.0032611544193287202,2.256593993307845E-7,0.9797378920944894,0.017000727826782643,7.55,38.0,27.3,55.95,3.69,3.24,154.0
"2023-03-07 00:00:00.0","A",7.7517,40.1724,24.9993,55.95,3.6969,3.3545,158.2069,8.398230102259525,0.01687398301743238,0.14171159212201664,0.00398795642805689,5.85447867955414E-7,0.9767578271734111,0.019253630950664034,7.4,39.0,25.1125,55.6875,3.7,3.2625,148.75
"2023-03-07 00:00:00.0","B",7.42,39.44,24.7812,55.6308,3.7,3.2592,150.8,8.531400834572402,0.004298422793591802,0.03667156780859414,0.004380540908335215,5.799377204046413E-7,0.9785683023792243,0.017050576774720022,8.1,41.0,24.5,55.53,3.64,3.44,155.0
"2023-03-08 00:00:00.0","A",7.9706,41.2353,24.7059,55.53,3.6682,3.4365,159.1765,10.134324709979978,0.0096587461320872,0.09788486959383486,0.002459011065387108,5.954468255298013E-7,0.9816658179839731,0.01587457550381431,7.925,39.375,27.33,55.53,3.64,3.43,148.75
"2023-03-08 00:00:00.0","B",8.1,40.15,26.896,55.53,3.64,3.453,151.0,10.001019521518982,0.0061868557570798005,0.061874865203377184,9.579669688549643E-4,5.708938480369012E-7,0.9794730010807021,0.019568461056594946,8.2,40.0,25.7,55.53,3.89,3.42,166.0
"2023-03-09 00:00:00.0","A",7.972,39.4,26.0164,55.53,3.81,3.3888,157.8,8.0726856766158,0.01183081282975541,0.09550643327348893,0.003186753191217184,5.827124289605912E-7,0.9762848765949753,0.020527787501378514,7.3857,38.7143,24.7429,55.81,3.89,3.2686,148.2857
"2023-03-13 00:00:00.0","A",7.6583,40.8333,25.3342,56.02,3.7442,3.33,151.9167,9.029163875957448,0.0072372139319482765,0.06534599059692334,0.0016302141568431423,4.4823126717727857E-7,0.9854917293274891,0.01287760828440063,8.175,38.75,26.5375,56.1433,3.54,3.3833,142.0833
"2023-03-14 00:00:00.0","A",7.8391,39.8125,25.1375,56.39,3.5472,3.2,152.9062,7.95021424524275,0.007201693419408024,0.057255005612848645,0.004186818718871222,5.948884646188192E-7,0.9734085454351412,0.022404040957523116,7.5929,38.5714,24.8571,56.0443,3.55,3.2914,147.7143
"2023-03-14 00:00:00.0","B",7.53,38.4,24.8667,55.3817,3.4807,3.3037,147.1667,8.520299674700478,0.004890798433220574,0.04167106829959487,0.003819260838346921,5.743561901654047E-7,0.9749412928621808,0.021238871943282025,7.8,40.0,25.635,55.18,4.61,3.25,144.5
"2023-03-15 00:00:00.0","A",7.8735,39.2353,26.1865,55.18,4.12,3.2694,146.9412,9.06711566413577,0.0032728171434024712,0.029675011586796633,0.002584789299272892,5.485216209516932E-7,0.9824820005719909,0.014932661607115079,7.76,38.6,26.304,55.549,4.61,3.39,144.6
"2023-03-16 00:00:00.0","A",8.2258,39.4242,26.6182,56.41,3.8782,3.3424,154.2727,9.273659903003598,0.01797393429638774,0.1666841537836322,0.0022668974722844164,5.779250414801648E-7,0.9806496761097421,0.017082848492931905,7.53,38.2,25.76,56.41,3.56,3.236,144.4
"2023-03-20 00:00:00.0","A",8.385,39.1,26.2475,56.41,3.5555,3.378,144.4,9.563284343771883,0.015347833319089699,0.14677569409127098,0.0018082745033992482,5.394084120226357E-7,0.9843595621127577,0.013831623975431055,8.15,39.0,27.285,56.1067,3.615,3.3667,137.4167
"2023-03-21 00:00:00.0","A",8.4192,38.6538,26.6508,55.89,3.6262,3.3923,147.3462,8.568006614065224,0.010151803547216473,0.08698071993724153,0.00244535480519111,6.351508550457842E-7,0.9763193152750084,0.021234694768945465,7.9667,39.3333,25.0,55.99,3.61,3.3633,143.5
"2023-03-21 00:00:00.0","B",7.8712,39.0769,25.5346,56.1438,3.61,3.3677,146.5769,8.170777743367069,0.006383493276177735,0.05215810478592637,0.0036595879523781904,4.609898001863637E-7,0.9732574215010523,0.02308252955676951,7.8,40.0,25.4,56.19,3.62,3.38,136.0
"2023-03-22 00:00:00.0","A",7.9925,39.8,24.9925,56.19,3.617,3.394,141.1,8.732792553117088,0.01101759382551916,0.09621436131276255,0.0024157858969526412,6.182475350218321E-7,0.9807323853145973,0.01685121054091502,7.7333,39.1111,25.7556,56.1011,3.7267,3.3778,138.1111
"2023-03-22 00:00:00.0","B",7.7111,39.2963,25.6185,56.0774,3.8215,3.3815,141.3333,10.050193245770329,0.005029476782898032,0.05054721359324048,0.0028214600814987353,5.505298059806921E-7,0.9817436596501554,0.015434329738539964,8.0,38.6,25.4,56.03,3.94,3.32,150.4
"2023-03-23 00:00:00.0","A",8.092,39.6,25.8064,56.03,3.94,3.3816,152.2,10.499040389871142,0.01642905416070746,0.17248930320064815,0.003279035922282096,5.771337106274024E-7,0.9790444764337425,0.01767591051026486,7.6333,38.3333,25.3167,57.1,4.0,3.26,140.5
"2023-03-23 00:00:00.0","B",7.6963,38.2963,25.5674,56.8226,4.0733,3.3119,141.7778,8.7610109818,0.0027681461188214947,0.024251758546222166,0.0030312442402837514,5.784030967784204E-7,0.9746884513725669,0.02227972598405252,7.925,39.25,24.625,57.1,3.54,3.345,145.25
"2023-03-27 00:00:00.0","A",8.1429,39.4286,25.6379,57.1,3.73,3.3321,145.5,9.098196403908615,0.005819987707332409,0.05295139122964407,0.0015427959479653067,5.937074757870759E-7,0.9842837343198706,0.01417287602468829,7.8167,37.9167,27.3833,56.125,3.54,3.2967,141.3333
"2023-03-28 00:00:00.0","A",7.6846,39.0769,25.0154,55.8,3.79,3.3731,144.5,7.848757054253549,0.013652547014408692,0.10715552468786846,0.003342147621524594,6.138340966886063E-7,0.9776799947639953,0.018977243780383565,7.6,38.0,25.1257,55.9071,3.79,3.3429,138.0
"2023-03-28 00:00:00.0","B",7.57,38.0667,25.9407,55.925,3.79,3.282,139.2,8.735192460630264,0.004879074033074311,0.04261965070856762,0.003642331496202086,5.862972714424981E-7,0.9774025207499069,0.018954561456619685,8.0167,41.0,24.8333,55.95,3.79,3.3067,150.6667
"2023-03-29 00:00:00.0","A",7.9476,40.0476,25.341,55.95,3.79,3.3581,148.8095,10.26939220945303,0.011367825541933737,0.1167406590587555,0.0021042406300156346,5.956214734842249E-7,0.9814768379201537,0.016418325828357037,7.8,38.2,26.7053,55.8433,3.846,3.3707,143.7333
"2023-03-29 00:00:00.0","B",7.7655,38.7931,26.3028,55.8176,3.8728,3.3786,145.4828,10.297993088410497,0.00431812270224807,0.04446799774265909,0.0025704798022611977,6.058853146939029E-7,0.9798400926948212,0.01758882161760288,7.91,38.4,25.316,55.79,3.892,3.364,144.6
"2023-03-30 00:00:00.0","A",7.875,39.4,25.5093,55.79,3.887,3.3473,146.1333,9.854704043632854,0.018207094033992857,0.179425523199593,0.002221272668608996,5.865438774109398E-7,0.9829388091905418,0.014839331596971764,7.8,38.2857,26.3193,56.3643,3.835,3.3171,143.4286
"2023-03-30 00:00:00.0","B",7.7483,37.7586,26.7369,56.7603,3.7497,3.2959,144.4828,9.77259880475936,0.0035227585616830408,0.03442650610935949,0.002713416820411268,8.155934951525199E-7,0.9802806432121635,0.017005124373930043,7.6,40.0,24.6,57.13,3.67,3.4,149.0
"2023-04-03 00:00:00.0","A",8.03,39.08,26.3656,57.13,3.67,3.2616,147.76,9.690449346095901,0.010563463026411287,0.10236470337679547,0.0018112821072088507,5.536586946542743E-7,0.9833796592749284,0.014808504959168191,8.0462,36.6923,27.8154,57.0069,3.67,3.2708,138.0769
"2023-04-04 00:00:00.0","A",8.0871,38.3871,26.4065,56.97,3.6081,3.3342,144.4194,8.707961536356233,0.014732823630069556,0.1282928614925659,0.0023721796584365443,5.767150073622108E-7,0.9803711498228842,0.017256093803671928,7.95,39.0,24.9,56.97,3.59,3.22,144.0
"2023-04-04 00:00:00.0","B",7.7024,38.7143,25.2762,56.4681,3.8005,3.2867,143.2381,8.207923187513549,0.004666405240132216,0.038301495772815955,0.005096004136238683,5.665433871831586E-7,0.9758734222172558,0.01903000710311816,8.0,38.0,25.53,56.35,3.92,3.4,136.0
"2023-04-05 00:00:00.0","A",7.9971,37.7059,25.0559,56.35,3.8759,3.2765,138.8235,9.979317204597123,0.013507764457470074,0.13479826624607663,0.003379838548406025,5.796570472219006E-7,0.980264473190814,0.016355108603732852,8.0,38.0,25.53,56.35,3.92,3.4,136.0
"2023-04-05 00:00:00.0","B",7.7577,38.3846,26.0392,56.5277,3.92,3.3646,139.7308,8.689817901432063,0.006108717649155669,0.05308364398242692,0.0026937211560188576,5.635833820390722E-7,0.9804777391337108,0.0168279761268883,8.275,38.0,26.95,56.57,3.8763,3.3325,143.875
"2023-04-06 00:00:00.0","A",8.1692,38.7692,26.0569,56.57,3.6912,3.3931,146.5769,9.529852672121482,0.008312581450083104,0.07921767654430192,0.0026934587275252936,5.988202126319347E-7,0.9803248950298432,0.01698104742241882,7.8857,38.2857,25.7143,56.2957,3.81,3.3914,146.8571
"2023-04-06 00:00:00.0","B",7.88,38.2,25.64,56.3012,3.8892,3.3784,145.16,8.758639945949009,0.0032955487112207955,0.028864524585919232,0.00372457684534534,4.838634795924492E-7,0.9737317397769629,0.022543199514212207,8.0,41.0,25.59,56.25,3.99,3.36,129.0
"2023-04-10 00:00:00.0","A",7.9132,38.8421,25.4816,56.25,3.99,3.3716,139.8421,8.590082559467104,0.009713692447805266,0.08344142008391935,0.0018058457368653794,5.386023682210519E-7,0.9850532375042832,0.01314037815648333,7.88,39.1,25.877,56.465,3.939,3.391,134.6
"2023-04-10 00:00:00.0","B",7.887,38.4348,26.7291,56.5865,3.8791,3.35,137.0,9.901817863454724,0.0010031014964434661,0.009932528316342079,0.0016066495191476467,5.605579875324979E-7,0.9831903722874498,0.015202417635414996,7.9714,37.2857,26.4429,56.68,3.82,3.4229,143.0
"2023-04-11 00:00:00.0","A",8.0694,37.6129,26.1161,56.68,3.7555,3.3697,148.0645,9.087129880346481,0.006531700685462932,0.05935441246834979,0.003008366329305288,5.702387160475376E-7,0.9819887475289043,0.015002315903074255,7.7667,38.2667,26.84,56.32,3.72,3.2467,144.0667
"2023-04-11 00:00:00.0","B",7.7269,37.9231,26.7423,56.3269,3.72,3.2062,142.7692,11.347294576231425,0.0034292826793252064,0.03891308074747128,0.0025352331004906705,5.60407124567856E-7,0.9842150125222972,0.013249193970087563,8.1,40.0,26.4,56.14,3.72,3.36,148.0
"2023-04-12 00:00:00.0","A",8.1172,38.6207,26.3052,56.14,3.7345,3.2966,146.4138,8.85957347306465,0.011661308086442038,0.10331421578387619,0.0029731386474710735,5.822428972975182E-7,0.9820237227663493,0.01500255634328249,8.0267,38.0667,27.9413,56.092,3.75,3.2787,140.1333
"2023-04-13 00:00:00.0","A",7.9429,38.1786,26.9329,56.0725,3.7957,3.2907,141.1071,10.403321027412717,0.0041322558539023686,0.04298918421555181,0.0026784119083101796,5.72859141748993E-7,0.9818668682907067,0.015454146941841261,7.8143,38.7143,26.2,56.09,3.8671,3.2886,145.5714
"2023-04-13 00:00:00.0","B",7.7792,38.5417,26.0417,56.0833,3.885,3.3208,144.5417,9.445262992260606,0.0030213312844822524,0.028537268568679414,0.002780501992594768,4.7494633889073583E-7,0.9768347010414169,0.020384322019649372,7.8,39.0,26.74,56.09,3.76,3.34,135.0
"2023-04-17 00:00:00.0","A",7.9389,38.3333,26.7022,56.09,3.76,3.3183,140.7222,10.316057468059727,0.019685330813721195,0.20307500395211478,0.0015545892846091708,5.514295551555121E-7,0.9837619688640491,0.01468289042178653,8.1059,39.4118,26.3424,56.1182,3.6629,3.4165,146.4706
"2023-04-17 00:00:00.0","B",8.0864,39.0909,26.4736,56.1209,3.6509,3.4,146.0909,11.460821032817849,2.5175688366906E-5,2.8853405875110393E-4,0.0014221496451837976,5.574276666348316E-7,0.985691661045002,0.012885631882147483,8.4,40.0,27.8667,56.13,3.61,3.4333,149.3333
"2023-04-18 00:00:00.0","A",8.0188,39.8438,26.6625,56.13,4.5312,3.355,153.9062,8.452981147626968,0.012513592917106004,0.10577716501737541,0.002764594186328019,5.92238629471035E-7,0.9807714343612615,0.016463379213781007,7.8571,38.5714,25.4857,56.2243,4.3586,3.3171,147.1429
"2023-04-19 00:00:00.0","A",7.9387,39.1613,26.1274,56.35,3.5971,3.4052,147.0645,8.051128121875369,0.01231019282670548,0.09911093965279692,0.0031546412946349732,5.862215649088768E-7,0.9775413049328197,0.01930346755098047,7.8136,38.2727,25.6182,56.3727,3.6209,3.3409,138.6364
"2023-04-19 00:00:00.0","B",7.7815,39.8889,25.463,56.3889,3.6322,3.3863,143.4074,10.987715655676656,0.005327732299505904,0.05853960759653522,0.0022036997554810713,5.433789641206389E-7,0.980002303697534,0.017793453168020758,8.05,39.5,26.0,56.4,3.65,3.33,146.5
"2023-04-20 00:00:00.0","A",7.98,39.68,25.8992,56.4,3.7032,3.3624,147.44,9.774821144155199,0.013133622288623397,0.128378808846184,0.003173821286866915,5.794405192211705E-7,0.978599399041302,0.018226200231311846,7.3333,38.0,25.6,56.3133,3.72,3.26,142.6667
"2023-04-20 00:00:00.0","B",7.4692,38.4615,25.5208,56.305,3.7331,3.3085,142.5769,9.008555226727113,0.010865091897374462,0.09787878040096311,0.004205915627538324,5.765077521473119E-7,0.9773135097941577,0.018479998070551826,7.9833,39.1111,25.8544,56.27,3.6511,3.3378,137.8889
"2023-04-21 00:00:00.0","B",7.8946,38.8571,26.6043,56.27,3.64,3.3436,143.1071,7.836333492260717,0.0032522018840323123,0.02548533854743581,0.002717243078819605,6.095395073935839E-7,0.980165845054244,0.017116302327429066,8.2385,38.9231,26.1231,56.27,3.8008,3.3954,142.3846
"2023-04-24 00:00:00.0","A",8.1948,38.5172,25.8876,56.27,3.7776,3.3955,142.0345,9.373805354615714,0.0018726839505417917,0.017554174843091554,0.0016329916086254628,5.781901514032645E-7,0.9845632208993643,0.01380320930185881,8.0778,37.8889,27.51,57.2017,4.4256,3.3617,138.8333
"2023-04-25 00:00:00.0","A",8.186,38.6,25.86,57.56,4.272,3.412,148.28,8.253759953515939,0.0153882681366239,0.1270110713000317,0.0025307524103619855,5.858742122506471E-7,0.9814140343734373,0.01605462734198845,7.8,38.3333,26.9667,57.3567,4.12,3.2933,141.6667
"2023-04-25 00:00:00.0","B",7.6821,38.25,26.1071,56.6886,3.9379,3.2921,141.3214,7.605329239717699,0.008219855722598613,0.06251470907334009,0.004547372956490629,5.58293448202097E-7,0.9743434352535728,0.021108633496488362,7.6,40.0,24.38,56.34,3.78,3.32,142.0
"2023-04-26 00:00:00.0","A",7.8967,39.5333,24.7453,56.34,3.78,3.36,143.4667,9.06764786852703,0.01583752154083803,0.14360906844253088,0.0031661673194811044,5.940994833325149E-7,0.9803908511799292,0.016442387401106262,7.7909,39.3636,25.4709,56.5945,3.8618,3.3345,142.9091
"2023-04-27 00:00:00.0","A",8.275,37.2143,27.2,56.74,3.9143,3.2986,144.0714,9.765578475664086,0.008887192754283872,0.0867885782703124,0.002180441437097841,6.112002736055636E-7,0.9827375246710472,0.015081422691581305,7.7,37.1667,26.15,57.1,3.8,3.2767,146.3333
"2023-04-27 00:00:00.0","B",7.7281,37.2188,26.0375,57.0887,3.8,3.2519,142.25,8.514551911827812,0.0029541282699863587,0.025153078508996934,0.0036275718787558207,7.372772999457532E-7,0.9788193971893447,0.01755229365459946,8.15,38.0,27.8,57.1,3.8,3.22,138.0
"2023-05-01 00:00:00.0","A",7.8833,38.7143,25.9214,57.1,3.92,3.3229,142.2857,8.601633876230474,0.01131811456964119,0.09735427769728336,0.0021469823499261024,9.487668054618577E-4,0.980688953146156,0.016215297698456126,7.8833,38.9333,25.9867,56.88,3.828,3.3627,148.1333
"2023-05-02 00:00:00.0","A",8.1412,40.0588,25.4591,56.8,3.8388,3.3865,150.4706,8.22954091654993,0.011947652878327459,0.09832369821893136,0.00344527000512989,6.128316541520427E-7,0.9748910915437097,0.02166302561950625,7.8,39.7143,24.71,56.6929,3.91,3.4314,148.0
"2023-05-02 00:00:00.0","B",7.7333,40.8333,24.5957,56.2,3.87,3.4297,153.5,8.855586511967482,0.012523280320119842,0.1109009922884411,0.0042051363245926105,5.950808804722149E-7,0.9772301376750052,0.018564130919521887,8.0,37.1429,24.9271,56.05,3.92,3.3514,145.1429
"2023-05-03 00:00:00.0","A",8.12,38.7,24.877,56.05,3.899,3.366,147.45,9.541860908941345,0.004445463452151592,0.04241799393621272,0.0029893063857537967,5.872157568376902E-7,0.9820564687464989,0.014953637651990485,8.0125,39.25,25.69,56.425,4.075,3.435,147.125
"2023-05-03 00:00:00.0","B",7.9456,39.6471,25.61,56.6235,4.1479,3.4288,149.8824,9.816557154094367,0.006562364578082944,0.06441982694675559,0.002325667778570136,5.88276308156936E-7,0.9817729410540361,0.015900802891085614,8.2,41.0,26.1,56.8,4.23,3.476,152.4
"2023-05-04 00:00:00.0","A",8.1581,39.4194,25.449,56.8,4.0171,3.4097,152.7419,9.549898806086588,0.010619086776016619,0.10141120412401099,0.0028466639525230914,6.09191566867131E-7,0.9817274822183643,0.01542524463754584,7.8667,38.8333,25.0817,56.8067,3.93,3.3733,153.0
"2023-05-04 00:00:00.0","B",7.808,38.4,25.2916,56.8272,3.8992,3.3592,151.0,8.971308860285836,0.003968275791188481,0.035600627765547004,0.003533863790958733,5.623984813741273E-7,0.9772306945498631,0.019234879260696693,7.75,39.3333,24.39,56.84,3.82,3.4,149.0
"2023-05-05 00:00:00.0","A",7.7571,39.2381,24.3919,56.84,3.82,3.42,147.7619,9.296332792930734,0.010303499431385935,0.09578475964593622,0.0031297221431868458,5.61930023853577E-7,0.9780900083089754,0.01877970761781412,8.0,38.6,26.252,57.4,3.94,3.38,145.4
"2023-05-08 00:00:00.0","A",8.1771,39.5417,25.775,57.4,3.9338,3.3608,146.25,7.905541903914031,0.016201863313484027,0.12808450934623541,0.0028306838154765635,5.671127010412823E-7,0.9800967724440117,0.017071976627810594,7.68,38.6,25.22,57.4,3.97,3.34,144.6
"2023-05-08 00:00:00.0","B",7.6846,38.8462,24.6269,57.4,3.9723,3.3692,145.8846,9.88119747153796,0.0017830801364311906,0.01761896693565344,0.0037090062297039763,5.880008132286448E-7,0.9807118563637259,0.015578549405756972,8.6167,39.3333,27.1667,57.4,3.98,3.44,145.6667
"2023-05-09 00:00:00.0","A",8.4022,40.1739,25.8813,57.4,3.9035,3.4348,150.6522,8.483423513556946,0.012696335370273325,0.10770839001618147,0.003611685095704421,5.904556624604615E-7,0.9738332364333904,0.022554488015242943,7.8,38.7143,24.6743,57.4,3.87,3.3886,143.5714
"2023-05-09 00:00:00.0","B",7.92,39.12,24.7688,56.5908,3.9532,3.404,146.76,8.767990088372196,0.009330771521683106,0.08181211221898302,0.0034820259707700274,5.897010148261145E-7,0.978237893142998,0.018279491185217076,8.1,38.3333,24.56,56.21,3.83,3.3733,142.6667
"2023-05-10 00:00:00.0","A",8.2432,39.8636,25.0936,56.21,3.9073,3.4282,146.6818,8.872713365613244,0.0060691596223892775,0.05384991369961357,0.0029262760106896733,5.968382859089076E-7,0.9793419110234622,0.017731216127562156,7.89,39.2667,25.568,56.21,3.938,3.4047,146.0667
"2023-05-11 00:00:00.0","A",8.188,39.8,26.176,56.21,3.974,3.3712,151.0,8.547515482806796,0.013420461699443064,0.11471160416240518,0.0029545307324247956,5.687210790031493E-7,0.9795293323200438,0.01751556822645239,7.9,40.0,25.88,56.21,3.89,3.35,146.0
"2023-05-12 00:00:00.0","A",7.8,38.8846,25.1565,56.01,3.7823,3.2846,151.3077,9.165731161750047,0.006754459800971078,0.06190956267854863,0.0015873327643099115,5.564752482669236E-7,0.9801757599247888,0.01823635083565295,7.9583,38.5,26.9033,56.3417,3.73,3.33,152.0
"2023-05-15 00:00:00.0","A",8.0429,38.8571,25.5125,56.42,3.6071,3.3386,151.7857,9.038996097507596,0.007703882230527227,0.06963536141739371,0.0019633288097077707,5.238622622743636E-7,0.9841464803422585,0.013889666985771347,8.0,39.0833,25.1,56.3975,3.69,3.505,147.5833
"2023-05-15 00:00:00.0","B",8.0,39.5238,25.4714,56.3943,3.7586,3.4981,150.619,9.649494385947888,9.780434042870316E-5,9.437624338881071E-4,0.0017690804045086554,4.6680176215404915E-7,0.98183970639735,0.016390746396379254,8.2,38.0,25.6,56.39,3.85,3.42,149.0
"2023-05-16 00:00:00.0","A",8.2,39.3333,25.7667,56.39,3.8633,3.4433,152.8333,11.712159607666349,0.01668057236913598,0.19536552593454978,0.0012516580103910937,5.894511184937603E-7,0.9851424507967006,0.013605301741789711,8.175,39.375,27.9125,56.335,3.8938,3.38,152.75
"2023-05-16 00:00:00.0","B",7.9769,38.9615,26.7008,56.2377,3.9096,3.3831,152.4231,8.58958112514945,0.002488833945350785,0.021378041080616344,0.003975059509607295,5.73498577203107E-7,0.9778017214286849,0.018222645563130555,8.08,39.6,24.87,56.17,3.84,3.428,147.0
"2023-05-17 00:00:00.0","A",8.2017,39.9667,24.8283,56.17,3.8587,3.4387,150.7333,9.16237986376597,0.0073418098498207384,0.0672684507315962,0.0028532756799815565,5.918497248440668E-7,0.9786657950100105,0.01848033746028317,7.8208,39.8333,25.1467,56.0942,4.0617,3.4133,154.5
"2023-05-17 00:00:00.0","B",7.9276,39.6897,25.6607,56.0803,4.1152,3.45,153.3448,9.580926020692164,0.002258322248561764,0.02163681839435344,0.00105488315899675,5.715371373375199E-7,0.9810236392094015,0.017920906094464357,8.3667,40.3333,25.8333,56.04,4.045,3.3367,153.5
"2023-05-18 00:00:00.0","A",8.26,40.08,25.7312,56.04,4.0856,3.3768,155.92,9.65376915543089,0.018829729328281402,0.18177786019447542,0.0019710742415811494,5.777139005936935E-7,0.9813647426196204,0.016663605424897854,7.6,39.0,27.0,56.04,4.01,3.2,152.0
"2023-05-18 00:00:00.0","B",7.5841,38.3182,25.8409,55.3105,3.8191,3.2255,151.6364,8.067165975359309,0.008773775067216523,0.07077949969770499,0.003839143669852199,5.646423733484157E-7,0.9776111441356704,0.018549147552104142,7.7667,39.8333,24.9533,54.97,3.48,3.2467,148.0
"2023-05-19 00:00:00.0","A",7.7405,38.9524,26.0452,54.97,3.5314,3.201,147.8095,9.925584753141218,0.005977996287396355,0.05933510880451607,0.003205448780336283,5.97670881562564E-7,0.9796324550142279,0.017161498534554197,7.75,38.875,25.2875,55.5037,3.565,3.3075,146.625
"2023-05-22 00:00:00.0","A",8.076,39.68,26.7056,55.58,3.7004,3.3036,147.0,8.94446667143748,0.006073079317070932,0.054320455544537245,0.00224512960966768,6.199125278559948E-7,0.9828492029802985,0.01490504749750599,7.65,39.4,24.5,56.29,3.93,3.364,153.4
"2023-05-22 00:00:00.0","B",7.7125,39.0,25.5183,56.1421,3.8688,3.3508,150.875,9.6659847868452,0.0047013469651626975,0.04544314824294349,0.002899534563073615,5.510298987502621E-7,0.9795064311943745,0.017593483212653218,7.65,40.0,25.175,56.29,3.93,3.33,150.75
"2023-05-23 00:00:00.0","A",7.9444,39.4074,25.42,56.29,3.93,3.3474,150.1481,9.528238230834368,0.01344968355642589,0.12815178905496152,0.0032105842865974774,5.942935723016962E-7,0.9800527757538375,0.016736045665992634,8.0,38.0,24.89,56.29,3.93,3.38,151.0
"2023-05-23 00:00:00.0","B",7.7288,39.6923,24.7758,56.0669,3.9446,3.3562,155.9231,8.857291196343402,0.008775096753697588,0.07772358722358721,0.00400609343898107,5.811883724505253E-7,0.9776293653193702,0.01836396005327663,7.7042,39.8333,25.0525,56.0,3.845,3.3667,148.1667
"2023-05-24 00:00:00.0","A",7.6421,39.3158,25.0174,56.0,3.8468,3.3021,149.2105,10.421957590477207,0.004132541012271428,0.04306916717080057,0.0017871691624511705,5.898248060894953E-7,0.9816978967055908,0.016514344307151995,8.0714,38.8571,27.5971,56.0,3.7957,3.2914,149.2857
"2023-05-24 00:00:00.0","B",7.848,38.8,27.1,56.0,3.802,3.2732,150.0,8.635824522178025,0.002504261826608238,0.021626365692177754,0.0019115547021320266,5.214644080421055E-7,0.9798167540721906,0.018271169761269225,8.0333,40.0,25.3,56.0,3.76,3.34,157.5
"2023-05-25 00:00:00.0","A",7.9167,40.0417,25.1904,56.0,3.6667,3.2933,157.9583,9.064908030609459,0.015390859370921151,0.13951672470944398,0.0035591784589503843,6.206899008584193E-7,0.9787601671939695,0.017680033657179368,7.8,39.0,25.19,55.715,3.62,3.235,146.5
"2023-05-26 00:00:00.0","B",7.7077,39.2692,25.1488,55.4992,3.43,3.4008,147.8846,8.388366363884234,0.004792999650580119,0.04020543705103516,0.003729862308046101,5.837680742239287E-7,0.9766066366589836,0.019662917264896152,8.2938,38.125,25.8087,55.53,3.55,3.3675,144.5
"2023-05-30 00:00:00.0","A",8.2611,38.6296,25.9593,55.53,3.6167,3.4022,146.1852,9.506225046683715,0.003571630743549431,0.03395272563183518,0.0016475824565932618,5.496608781327847E-7,0.9821544611257115,0.016197406756816895,8.0667,38.0833,26.2917,55.7775,3.67,3.4733,145.5833
"2023-05-30 00:00:00.0","B",8.0483,38.3448,26.2138,55.8031,3.67,3.4745,148.3448,9.551508546824705,0.001529645522501403,0.014610422281784293,0.0012670320584371392,6.288354923155392E-7,0.9776873410709851,0.0210449980350856,8.05,39.625,26.1362,55.86,4.0,3.49,153.125
"2023-05-31 00:00:00.0","A",7.9278,39.5556,25.9559,55.86,4.11,3.4533,151.5185,8.36230325394806,0.005407198500284702,0.04521663361367384,0.0017958754466501328,6.234249135251812E-7,0.9758413318194277,0.022362169309008726,8.0,39.6,25.016,55.86,4.33,3.38,145.2
"2023-05-31 00:00:00.0","B",7.6692,39.6154,24.4377,55.765,4.0358,3.34,149.8462,8.068395127590026,0.005316382240860215,0.0428946725685627,0.004114758480727237,5.80449642843092E-7,0.9752788629022241,0.02060579816740585,7.9844,38.75,25.1781,55.73,3.7031,3.2962,146.0
"2023-06-01 00:00:00.0","A",7.9981,39.1852,25.2611,55.73,3.713,3.3207,146.8889,10.953888101956837,0.005823923690947194,0.06379460842497102,0.0027593616081870638,6.193226701268728E-7,0.978301254010916,0.018938765058226895,7.9467,38.9333,25.616,55.73,3.6733,3.4067,154.8667
"2023-06-01 00:00:00.0","B",7.8935,39.129,25.5626,55.73,3.6613,3.4026,154.9032,10.12159751432871,0.0035466967241476184,0.035898236747210314,0.0033020596936049057,5.905716322779468E-7,0.9778302952672652,0.01886705446749757,7.7,39.0,24.6,55.73,3.72,3.22,149.0
"2023-06-02 00:00:00.0","A",7.9438,40.125,24.75,55.73,3.5906,3.3462,158.625,9.659936748027873,0.009833144091393468,0.0949875499571049,0.0038115729583012123,5.928233306211987E-7,0.9766361002290455,0.019551733989322733,7.645,38.9,25.34,55.352,3.556,3.324,152.3
"2023-06-05 00:00:00.0","A",8.3552,38.7586,25.6241,55.19,3.6097,3.4193,150.7241,8.613610769496386,0.006883940045269085,0.059295580110497244,8.443213266695787E-4,0.001840216420439616,0.9800351787261831,0.017280283526707695,8.1667,38.3333,26.85,55.19,3.6067,3.3467,151.1667
"2023-06-05 00:00:00.0","B",8.3068,38.2727,26.7,55.19,3.5727,3.3827,151.7727,9.39143181064775,0.0018364816088821726,0.017247191801325595,0.002396742957273984,0.0039880934063848935,0.9764367352934828,0.017178428342858314,8.1,38.6,26.72,55.19,3.84,3.332,157.6
"2023-06-06 00:00:00.0","A",8.0242,39.3871,25.8819,55.19,3.6555,3.3348,157.7419,8.780762009742796,0.006539718516697704,0.05742371190583071,0.003702182246573679,0.002436766294460833,0.9721932355787773,0.02166781588018815,8.1714,38.5714,24.5643,54.74,3.58,3.2114,143.4286
"2023-06-06 00:00:00.0","B",7.6804,38.8929,24.8911,54.29,3.4836,3.2271,149.6071,8.538837278736763,0.004355456113958879,0.037190531031774034,0.005112965513832089,4.986362833817555E-7,0.9712349059982136,0.023651629851670714,7.7,36.0,25.2,54.14,3.43,3.14,152.0
"2023-06-07 00:00:00.0","A",7.6706,38.5882,24.7888,54.14,3.4376,3.2718,153.5882,9.365169919027084,0.006586874004065046,0.061687194283291454,0.0035463958759251435,5.820792378623908E-7,0.9772354645398211,0.019217557505015873,7.82,38.4,25.42,55.004,3.544,3.324,153.2
"2023-06-07 00:00:00.0","B",7.6763,39.0,24.9879,54.9358,3.5905,3.3211,153.6842,10.077156406808793,0.005836781905703737,0.05881816417620805,0.003330517854264914,5.388643857442939E-7,0.9771116371180044,0.01955730616334486,8.05,39.0,25.83,55.22,3.666,3.31,152.9
"2023-06-08 00:00:00.0","A",8.1333,39.9,25.9003,55.22,3.581,3.3393,154.0667,9.817854340671982,0.010912637703512442,0.10713868744561035,0.003480301936341351,5.833124269620766E-7,0.9784491615278621,0.018069953223369597,7.6045,38.9091,25.2973,54.6227,3.5236,3.2418,155.0
"2023-06-12 00:00:00.0","A",7.8053,40.3684,25.0232,54.49,3.4884,3.3368,153.7895,9.561603903248901,0.011139356364268785,0.10651011329227289,0.0021269554985654015,5.586857834958038E-7,0.983190176960425,0.014682308855225977,7.63,38.4,25.19,54.654,3.488,3.324,151.6
"2023-06-12 00:00:00.0","B",7.9259,37.8276,25.6586,54.8152,3.5507,3.3331,151.931,8.661205497949142,1.140301697597386E-5,9.87638733255122E-5,0.0029422263339653355,6.117679076421195E-7,0.9786489847067914,0.018408177191335647,8.3833,38.8333,26.5,54.9,3.68,3.4133,155.8333
"2023-06-13 00:00:00.0","A",8.4097,39.5484,26.2726,54.9,3.711,3.4303,156.7419,9.158016934634103,0.006046340672279812,0.05537249026930548,0.0019667151811225865,6.28257361907296E-7,0.976731228042464,0.021301428519051317,8.0,39.8,25.016,54.9,3.74,3.3,150.8
"2023-06-13 00:00:00.0","B",7.8815,38.5926,25.6844,54.9,3.8511,3.2593,150.4815,8.040807806979437,0.003761969077202193,0.03024927032558262,0.0044260519892086805,5.627649872315943E-7,0.9766843134625004,0.018889071783303724,8.05,40.8571,25.0229,54.9,3.89,3.3429,149.8571
"2023-06-14 00:00:00.0","A",7.8821,40.7143,24.5586,54.9,3.89,3.3043,152.0714,10.167990021105071,0.004107447198658588,0.0417644821281765,0.0033487097888713724,5.896948268409548E-7,0.9779828543674803,0.018667846148821502,7.7625,39.0,25.25,54.5325,3.89,3.2675,146.75
"2023-06-14 00:00:00.0","B",7.7778,38.5926,25.3844,54.5422,3.89,3.2959,148.5926,9.202754872767454,0.003877732085087084,0.03568581784132186,0.002894922608248463,5.673095232167983E-7,0.9776248191923765,0.019479690889851686,8.0333,40.6667,24.5667,54.48,3.89,3.3133,154.6667
"2023-06-15 00:00:00.0","A",8.1054,39.9286,25.68,54.48,3.6614,3.3557,158.2143,9.32531691655244,0.008241704053813052,0.07685650223424167,0.003348406067231526,5.715182587042377E-7,0.9786029789810207,0.01804804343348911,7.8,38.0,25.6714,54.8629,3.57,3.2486,155.1429
"2023-06-19 00:00:00.0","A",8.0059,40.8235,24.8429,55.15,3.4988,3.3035,153.5294,10.243323716467508,0.012625308476341034,0.12932512174342237,0.0026345417763399158,6.216727138486503E-7,0.9795632641142782,0.01780157243666794,7.9333,37.0,26.2333,54.71,3.61,3.2111,147.0
"2023-06-19 00:00:00.0","B",8.0077,38.3846,25.9177,54.8115,3.5454,3.3262,147.1923,9.297170019809595,0.0017582601356964853,0.016346843420623713,0.0023867312811559436,5.876053523327254E-7,0.9806173846773559,0.01699529643613585,8.435,37.3,27.32,54.71,3.596,3.286,149.0
"2023-06-20 00:00:00.0","A",8.382,37.88,27.3564,54.71,3.5204,3.2512,148.44,9.198786833215918,0.008950418311873997,0.08233299011904117,0.001957810921400359,6.60447202876172E-7,0.9781746379756854,0.019866890655711473,7.9333,39.3333,27.0567,54.71,3.47,3.1967,144.0
"2023-06-20 00:00:00.0","B",7.766,37.4,27.3268,54.332,3.53,3.1432,145.08,7.779684583567916,0.009425314871928289,0.07332597680441393,0.0051654293014540345,5.417459712452812E-7,0.9747695844849756,0.020064444467599134,7.8429,36.1429,25.1514,54.26,3.3986,3.1571,138.0
"2023-06-21 00:00:00.0","A",7.8167,36.3889,25.2078,54.26,3.4817,3.1656,140.0,10.23359943534282,0.002211187737234533,0.02262840957920028,0.003142158761295986,6.13621062956859E-7,0.977628313375759,0.019228914241882146,7.7778,37.4444,26.0556,54.3867,3.76,3.2722,146.2222
"2023-06-21 00:00:00.0","B",7.7652,37.3478,26.2609,54.3922,3.76,3.2961,146.087,10.242426941595804,0.004370493976652324,0.04476446525454594,0.002991317427203187,5.90508787397867E-7,0.9793417430666691,0.017666348997340237,8.1,38.0,24.9,54.45,3.76,3.4,151.0
"2023-06-22 00:00:00.0","A",8.3037,38.0741,26.7215,54.45,3.7133,3.3415,147.5556,8.881308286632455,0.007834191175326216,0.06957786700448758,0.0015853327655924552,6.326279690615197E-7,0.980632146466272,0.017781888140166503,8.4,39.0,29.16,54.45,3.69,3.28,136.0
"2023-06-23 00:00:00.0","A",8.0794,38.2941,27.1094,54.75,3.5106,3.2482,144.1176,9.484559281252933,0.0067096476557532364,0.06363805094731134,0.004018178832092348,5.794060617899055E-7,0.9775546674638904,0.018426574297955287,7.9808,38.0769,27.2385,54.6315,3.6069,3.2931,144.8462
"2023-06-26 00:00:00.0","A",8.5241,38.1724,26.8714,54.61,3.7324,3.3924,142.8621,7.851939558692758,0.00698838343093737,0.05487236431269016,0.0026122793948211757,5.633752528467712E-7,0.9822053362984707,0.015181820931455328,8.1,38.3,25.289,54.995,3.784,3.344,143.4
"2023-06-26 00:00:00.0","B",8.01,37.8,25.4645,55.1875,3.812,3.314,142.55,9.233309120234718,0.0014941554399288122,0.01379599905054302,0.002097466880479363,5.731203264624377E-7,0.9809852730773484,0.016916686921845822,8.5556,38.4444,27.5222,55.38,3.7422,3.3978,146.5556
"2023-06-27 00:00:00.0","A",8.3571,38.25,26.7943,55.38,3.7536,3.3679,146.5,9.24779837157661,0.006449611596993947,0.059644707623982246,0.0029414712653782907,5.916094725910636E-7,0.9776036249878903,0.019454312137259018,8.05,38.0,25.3875,55.38,3.73,3.285,136.75
"2023-06-27 00:00:00.0","B",8.155,37.55,26.7935,55.0425,3.7075,3.288,137.6,8.611346224095774,0.013430866207746944,0.11565783900441719,0.0038721207928520645,6.002521539501852E-7,0.9779451341350497,0.01818214481994431,8.1833,36.75,27.435,54.93,3.5642,3.2867,136.25
"2023-06-28 00:00:00.0","A",8.2,37.1905,27.3362,54.93,3.5719,3.281,136.2381,10.151546323210633,0.007392375041689013,0.07504403767425215,0.0034183605780908413,6.65609403670433E-7,0.97794486138031,0.018636112432195453,7.95,38.625,25.6525,54.93,3.51,3.3575,145.0
"2023-06-29 00:00:00.0","A",8.2,37.5385,26.6215,54.93,3.7469,3.2446,142.4615,8.355303460514639,0.012047357252309144,0.10065932574027474,0.004273668748507255,6.353465533885836E-7,0.9748401665085145,0.02088552939642483,8.0571,38.1429,25.4529,54.93,3.79,3.3,137.5714
"2023-06-29 00:00:00.0","B",7.9826,37.7391,26.1943,54.93,3.79,3.267,139.1739,8.602580691272367,0.0024269628756203305,0.020878143972246313,0.003544825860735267,5.154523664989939E-7,0.9748043358999576,0.021650322786940564,8.05,38.0,25.0,54.93,3.56,3.22,138.0
"2023-07-11 00:00:00.0","A",8.3222,38.4444,26.75,54.93,3.6494,3.3056,138.1111,8.791763142373453,0.007174253582270907,0.06307433821865006,0.003183705148409288,6.102213990817632E-7,0.9808569735240457,0.01595871110614597,8.1045,38.0,26.7,54.93,3.56,3.3691,142.3636
"2023-07-11 00:00:00.0","B",8.05,38.35,25.99,54.93,3.56,3.392,143.25,8.716881821177806,9.097190967715786E-4,0.007929913857026466,0.002490938001893134,5.686778875312547E-7,0.9805613167216601,0.016947176598559256,8.34,38.4,26.62,54.93,3.56,3.44,143.0
"2023-07-12 00:00:00.0","A",8.6864,39.4091,26.1436,54.93,3.6541,3.4391,147.7273,9.419569803648171,0.010902457545306082,0.10269645987932133,0.003931702976194747,5.957137308112607E-7,0.9765422775943259,0.019525423715748582,7.8133,38.7333,25.0787,55.3113,3.73,3.3213,145.4
"2023-07-12 00:00:00.0","B",7.8267,38.3667,25.592,55.2967,3.736,3.296,143.7667,9.24216087476197,9.881964188264065E-4,0.009133070278657307,0.0033239900850009375,5.721329546794431E-7,0.9794012816288888,0.017274156153155504,9.08,39.6,26.6,55.37,3.706,3.464,149.6
"2023-07-13 00:00:00.0","A",9.1038,39.3846,26.5573,55.37,3.7131,3.4554,150.1154,8.898933211328163,0.008159227250329045,0.07260841835672692,0.00271578447332234,5.982556001926684E-7,0.9758086932874013,0.021474923983676036,8.1917,38.1667,25.2992,55.1908,3.7408,3.3483,143.5
"2023-07-14 00:00:00.0","A",8.6333,39.1667,26.5617,54.94,3.7158,3.385,152.0833,9.025264143933006,0.024771691498087955,0.22357105906226332,0.002254706274960518,5.609422208665355E-7,0.982581608412277,0.015163124370541584,8.0818,38.1818,25.8164,54.94,3.6018,3.2436,147.0909
"2023-07-14 00:00:00.0","B",8.0913,38.2609,26.0052,54.94,3.6087,3.2426,147.3913,9.837933779637554,0.0023666507443079027,0.023282953302031076,0.0030982656494244376,5.381124509177302E-7,0.9832687497149426,0.013632446523182087,7.6,39.0,28.5,54.94,3.58,3.22,145.0
"2023-07-17 00:00:00.0","A",7.922,39.44,26.512,54.94,3.4624,3.1968,149.64,8.711992171783066,0.004817893608521644,0.04197345140192423,0.0020025935773613475,5.997888287374776E-7,0.9832058729903604,0.014790933643449427,7.95,38.25,25.9583,54.94,3.75,3.3108,147.25
"2023-07-17 00:00:00.0","B",7.9386,37.9545,26.0955,54.94,3.8627,3.2927,147.1364,9.657081440139983,0.001512094427389315,0.014602419030480448,0.0015954184314480333,6.210448526570566E-7,0.984111047890852,0.014292912632847451,8.2812,37.375,28.1325,54.94,4.0062,3.2375,147.0
"2023-07-18 00:00:00.0","A",8.2089,37.9643,27.3561,54.94,3.7375,3.2564,147.8571,8.38960457314464,0.0067709191230019145,0.05680533403872936,0.0037763382876874717,6.100663861793897E-7,0.9767901488132338,0.019432902832692667,7.5125,37.0,26.475,54.705,3.63,3.0638,135.75
"2023-07-18 00:00:00.0","B",7.73,37.4,26.4495,54.6345,3.63,3.1695,141.35,9.076810754277863,0.012593133337707113,0.11430548810975501,0.005125111545415783,5.972108732614063E-7,0.9724740057531504,0.022400285490560785,8.2,38.0,26.74,54.47,3.52,3.26,141.0
"2023-07-19 00:00:00.0","A",8.1281,37.9375,27.3206,54.47,3.5613,3.2387,140.4375,8.268062967296325,0.0069474542167195985,0.057441988926246,0.00405720398899996,6.199486679577583E-7,0.9764894728896352,0.019452703172696893,8.0286,37.8571,26.9014,54.73,3.6429,3.3086,138.2857
"2023-07-19 00:00:00.0","B",8.0529,37.7647,27.9653,55.0588,3.7729,3.2812,138.1176,9.607157412577342,0.0030032450434968527,0.028852647881416952,0.0018638232145288356,5.917816666771145E-7,0.9792652573487438,0.01887032765506077,8.7182,37.1818,26.8818,55.38,3.8464,3.3618,144.0909
"2023-07-20 00:00:00.0","B",8.1536,37.6071,26.5886,54.9118,3.7964,3.2336,139.6429,7.90002256527597,0.004484147185758974,0.03542486395351463,0.004122291135145618,5.821793482307112E-7,0.9788851437279212,0.01699198295758493,8.1,40.0,27.0,54.69,3.65,3.38,151.0
"2023-07-21 00:00:00.0","A",8.3786,37.7143,26.505,54.69,3.7229,3.3014,143.5,9.611111660927579,0.007971552289821963,0.0766154791684018,0.00338219653436326,5.389279566302751E-7,0.9819735506376109,0.014643713900069251,8.1143,38.1429,26.9286,54.7414,3.7414,3.32,144.0
"2023-07-21 00:00:00.0","B",8.0316,37.6316,26.6953,54.7405,3.7679,3.3032,144.6842,9.03721441096697,0.004469118868402739,0.04038838544185362,0.0032727441621464427,5.601454847276971E-7,0.9817126776263403,0.015014018066028456,8.51,38.8,27.28,54.75,3.784,3.368,146.4
"2023-07-24 00:00:00.0","A",8.6393,38.3929,26.85,54.75,3.7264,3.3764,148.1786,8.854345044545417,0.00404248573507436,0.035793563536001195,0.0020411990448590306,5.698714865106024E-7,0.9846486145738498,0.013309616509804533,8.35,38.0,26.925,54.9075,3.68,3.47,138.25
"2023-07-24 00:00:00.0","B",8.285,38.5,26.53,54.9285,3.68,3.445,140.25,8.482028937798383,4.548134875479219E-4,0.0038577411626824778,0.002853460698875917,5.589369960764505E-7,0.981220689249314,0.01592529111481399,8.57,38.8,26.24,54.96,3.708,3.452,145.2
"2023-07-25 00:00:00.0","A",8.3897,39.0,26.4438,54.96,3.7766,3.4338,147.0345,8.840255144568246,0.005859153139423403,0.05179640868360093,0.002829354152065008,5.821297854569325E-7,0.9747751568123213,0.022394906905828085,8.0,38.0,25.53,54.96,3.82,3.36,138.0
"2023-07-25 00:00:00.0","B",7.9804,37.0,27.8348,54.3878,3.9204,3.2635,138.2609,7.596895924422958,0.007407996888788619,0.05627778137257621,0.004678391459574127,5.205765780730927E-7,0.9791854396278515,0.016135648335996313,8.1,38.0,26.225,54.02,3.87,3.4,140.5
"2023-07-26 00:00:00.0","A",7.995,38.9,25.6185,54.02,3.942,3.413,140.65,9.999169660823116,0.013395515791181497,0.13394403509025898,0.0037226334365138285,6.019094339798031E-7,0.9799064520994029,0.01637031255464925,8.0308,38.3077,25.8877,54.5892,3.87,3.3915,143.0769
"2023-07-26 00:00:00.0","B",8.0241,38.2759,26.0862,54.6069,3.87,3.3831,142.6552,9.822260987107141,0.004003409679173206,0.039322534707150095,0.002915380368300292,5.004944838283764E-7,0.9843451652464222,0.012738953890793594,7.5,40.0,29.0,54.76,3.87,3.42,145.0
"2023-07-27 00:00:00.0","A",8.3466,38.7931,27.0879,54.76,3.7803,3.3655,147.069,9.390272141994902,0.014665486368620369,0.13771290809606185,0.00391878252230583,5.70468473930909E-7,0.9815939800589639,0.014486666950256308,8.0091,38.0,26.7882,54.76,3.74,3.2764,144.9091
"2023-07-27 00:00:00.0","B",8.0028,38.0556,26.9206,54.76,3.7267,3.2811,144.5556,9.300583073636616,0.0027475525469275873,0.025553840711881895,0.003237116687375186,5.759630971464076E-7,0.9750556369013986,0.021706670448128948,8.45,38.0,26.87,54.76,3.6,3.38,138.0
"2023-07-31 00:00:00.0","A",8.4433,38.1333,27.4137,54.76,3.614,3.3407,141.3,9.69596515298994,0.012447183557006119,0.1206874580216007,0.0023531440115735405,5.63739938369983E-7,0.9831860984250562,0.014460193823431894,7.9875,37.8333,26.7167,55.2433,3.7,3.3667,144.75
"2023-07-31 00:00:00.0","B",8.04,38.68,26.7588,55.2704,3.744,3.3672,147.44,9.320425108352163,9.688848856485841E-4,0.009030419015301978,0.002569498782139141,5.29290327174572E-7,0.9763136122098792,0.021116359717654402,8.35,38.0,26.525,55.34,3.8,3.36,142.75
"2023-08-01 00:00:00.0","A",8.3815,39.037,25.9974,55.34,3.7719,3.3844,147.1111,8.760356299082801,0.010743927234635091,0.09412063062682277,0.003459007212701568,0.0,0.9772362738605685,0.019304718926730042,8.2,38.0,24.57,55.34,3.76,3.32,148.0
"2023-08-01 00:00:00.0","B",7.8704,38.1481,26.0826,54.9919,3.9615,3.2511,143.5185,7.97973503434437,0.0048873280966107505,0.03899958323686039,0.005173360728395707,0.0,0.9747602812892451,0.020066357982359107,7.875,38.0,25.3,54.87,3.7325,3.12,145.75
"2023-08-02 00:00:00.0","A",8.0632,38.6842,25.3995,54.87,3.7647,3.2768,143.0526,10.820774235211749,0.008185770094049763,0.08857637012906053,0.004095733588369352,0.0,0.9794737024929915,0.01643056391863934,8.3,38.3333,25.4233,54.525,3.75,3.4033,145.1667
"2023-08-02 00:00:00.0","B",8.3739,39.087,26.48,54.36,3.8048,3.4639,149.3043,9.644255108770958,0.004303625345750165,0.04150526072698721,0.0033921100882603385,0.0,0.9800688035725326,0.01653908633920698,8.3875,39.9167,26.0,54.18,3.9358,3.4675,146.75
"2023-08-03 00:00:00.0","A",8.4607,39.7143,26.4404,54.18,3.9725,3.4539,148.1071,10.468674924567255,0.01436044965195614,0.1503348791769438,0.0028331570633997674,0.0,0.9799595855010907,0.017207257435509445,8.2,38.0,26.77,54.365,4.0,3.35,148.5
"2023-08-03 00:00:00.0","B",8.1421,38.0526,26.6342,54.4332,4.0,3.3389,146.8947,8.940280392913538,0.002764195018931332,0.02471267852994105,0.004410904691335957,0.0,0.9769503880238464,0.018638707284817577,8.5643,39.7143,27.2,54.55,3.6914,3.4514,147.0
"2023-08-04 00:00:00.0","A",8.2607,39.25,26.7886,54.55,3.7043,3.4143,146.4286,9.5992532869153,0.005820805971929415,0.05587539085853964,0.0031774778655807934,0.0,0.9782711702665233,0.018551351867895843,8.2444,38.5556,27.7778,54.5767,3.92,3.4311,146.8889
"2023-08-04 00:00:00.0","B",8.1675,38.6,27.435,54.5785,3.964,3.421,147.15,9.54507903401731,0.0018774841649415455,0.01792073473948304,0.001978940852553007,0.0,0.9789047887431744,0.019116270404272728,8.0583,37.8333,26.935,54.58,3.88,3.3667,143.5
"2023-08-07 00:00:00.0","A",8.0519,38.5185,26.9711,54.58,3.88,3.3756,146.2963,8.57692565915016,0.0021823180903166044,0.018717580025264063,0.0022805852518504146,6.231716502156148E-4,0.9816944454634641,0.015401797634470046,8.065,40.6,25.029,55.364,3.814,3.435,150.4
"2023-08-08 00:00:00.0","A",8.168,39.0,25.7216,55.7,3.7284,3.3472,154.12,8.792682167140198,0.007877441402468535,0.06926383854217694,0.0034802506838707463,0.0,0.9781391122228661,0.018380637093263093,8.075,38.625,25.4125,54.6688,3.685,3.4375,153.375
"2023-08-08 00:00:00.0","B",8.0182,38.2273,26.5927,54.575,3.6836,3.3536,150.1364,8.231339476526527,0.0071830779564181465,0.05912635314563218,0.004080985864134579,0.0,0.9780396830845504,0.017879331051315013,8.3333,38.3333,26.89,54.05,3.79,3.38,131.6667
"2023-08-09 00:00:00.0","A",8.1429,39.0714,25.7936,54.05,3.7664,3.4029,144.7143,9.286252009414705,0.007483768143853676,0.06949615696385496,0.0030794437696745544,0.0,0.9808986588501437,0.016021897380181747,8.2,38.3636,26.9955,54.4864,3.7736,3.3727,142.8182
"2023-08-10 00:00:00.0","A",8.44,39.12,27.2824,54.85,3.802,3.4072,156.52,9.463493773289862,0.01850049553908105,0.1750793243368704,0.003614946059110507,0.0,0.978311371700776,0.018073682240113367,7.6389,38.3333,26.1556,54.9656,3.6578,3.1889,153.6667
"2023-08-14 00:00:00.0","A",8.0708,39.75,25.4329,54.98,3.5133,3.355,160.2083,8.31665848338523,0.012526142150569065,0.10417564638061952,0.0030746059437071083,0.0,0.9805895141195247,0.016335879936768213,7.915,39.2,25.348,55.652,3.65,3.394,153.2
"2023-08-15 00:00:00.0","A",8.27,40.0,26.72,55.82,3.668,3.412,156.8,9.222145322136203,0.011282552347938969,0.1040493373573022,0.0020994413677659094,0.0,0.9850673987620069,0.012833159870227128,8.4,39.375,26.375,55.82,3.5,3.445,151.5
"2023-08-15 00:00:00.0","B",8.0875,38.05,26.555,55.039,3.6305,3.355,147.9,8.280848921782013,0.00821257751116506,0.06800711362838241,0.005034104483770954,0.0,0.9736806005691447,0.02128529494708421,8.0,39.0,25.815,54.4,3.5,3.41,156.0
"2023-08-16 00:00:00.0","A",8.1089,38.9286,25.5575,54.4,3.5932,3.3936,151.5,8.879182112229369,0.007901712632658112,0.07016074546387475,0.003375402987897458,0.0,0.981988496526865,0.014636100485237573,8.0,38.1667,26.3,53.93,3.5,3.4083,152.3333
"2023-08-16 00:00:00.0","B",7.969,38.6667,26.5971,53.5943,3.5,3.4181,154.0952,9.788919083562375,0.005681971510881927,0.055620359355129836,0.0032849306038577656,0.0,0.9801185895087853,0.016596479887356887,7.825,38.0,26.6,53.46,3.5,3.39,157.0
"2023-08-17 00:00:00.0","A",8.0543,38.4783,26.4939,53.46,3.5,3.3843,154.6522,9.107676563015053,0.012818272504962471,0.11674468007178697,0.003229117495732781,0.0,0.9808762009763069,0.015894681527960194,7.8,37.75,27.875,53.745,3.455,3.145,154.75
"2023-08-17 00:00:00.0","B",7.6909,37.4545,26.9527,53.7709,3.4427,3.1755,154.7273,8.488663386901127,0.002551066389690662,0.02165514385972116,0.005331081624799117,0.0,0.9733619819985235,0.02130693637667728,7.75,37.0,24.3,53.84,3.53,3.08,148.0
"2023-08-21 00:00:00.0","A",7.7033,38.3333,25.5587,53.84,3.514,3.248,146.6667,8.238582180901865,0.0038239134749920366,0.031503625416379924,0.0021176560347975055,0.0,0.9854322816987618,0.0124500622664405,7.7571,38.2857,25.6286,53.9429,3.5414,3.3,145.7143
"2023-08-21 00:00:00.0","B",7.7577,38.4615,25.6296,53.9508,3.5577,3.3146,149.7308,9.27944357917871,0.006174793334852114,0.05729864636384895,0.004774573504717432,0.0,0.9779840818605451,0.017241344634737272,7.8167,40.0,25.9,53.96,3.57,3.2933,154.6667
"2023-08-22 00:00:00.0","A",7.9659,38.9091,25.8468,53.96,3.5127,3.36,153.5,9.666552930545555,0.010627008112366058,0.1027265364115235,0.0038292201531526524,0.0,0.9787837640015548,0.0173870158452926,8.0,38.0,24.8467,53.96,3.48,3.4067,148.0
"2023-08-22 00:00:00.0","B",7.7714,37.7619,26.1171,53.1371,3.7667,3.4005,149.0,7.576288047064085,0.008883976120696245,0.06730756209363371,0.003942524744312627,0.0,0.9797583212599583,0.016299153995729194,8.1885,38.2308,26.3715,52.88,3.91,3.4462,146.8462
"2023-08-23 00:00:00.0","A",8.1143,38.8095,26.02,52.88,3.91,3.4267,146.4762,10.814461227053,0.003091387328579697,0.03343168840272808,0.0026230830321541817,0.0,0.9820529368068608,0.015323980160984933,8.0733,38.8667,26.1987,54.1733,3.9433,3.4093,153.6667
"2023-08-24 00:00:00.0","A",8.1037,38.963,26.6974,54.82,3.923,3.3222,155.1111,9.65256352281499,0.01200596481175891,0.11588833799818439,0.00139674980098688,0.0,0.9826838472946887,0.01591940290432447,8.0,38.0,25.72,54.82,3.91,3.22,157.0
"2023-08-25 00:00:00.0","A",7.8333,37.8889,26.4778,55.1,3.1567,3.18,156.1111,10.112606853564236,0.014855866692704944,0.15023153933228467,0.0037816529770294594,0.0,0.9794917766327428,0.01672657039022781,7.9214,37.8571,27.7429,55.1,3.3014,3.2257,153.7143
"2023-08-25 00:00:00.0","B",7.9368,38.3158,27.01,55.1,3.3132,3.2484,154.3684,8.820070322316655,0.0026127096427864802,0.02304428278117158,0.003970352802913052,0.0,0.9796113657855177,0.016418281411569216,8.0,38.0,24.83,55.1,3.71,3.3,160.0
"2023-08-28 00:00:00.0","A",8.2204,39.1111,25.6967,55.1,3.647,3.3963,153.037,7.3795220238276595,0.001604890184947497,0.011843322465644901,0.0027767849228584303,0.0029287831918824803,0.9789574040422423,0.01533702784301668,7.92,38.0,24.852,55.41,3.71,3.36,149.6
"2023-08-28 00:00:00.0","B",8.0333,38.4583,25.4279,55.3583,3.685,3.3592,150.7083,8.266004761146945,0.0010933551833860271,0.009037679151493592,0.0034631572203652912,0.00286614638644276,0.9775263948854686,0.016144301507723415,7.875,39.0,25.05,55.41,3.535,3.36,161.5
"2023-08-29 00:00:00.0","A",7.9679,39.25,24.7496,55.41,3.5279,3.35,158.8571,8.433781661682959,0.00883069183379217,0.07447612684780987,0.004882964308014968,0.002525029179807053,0.9730204856894611,0.019571520822716997,7.89,37.6,25.332,55.41,3.478,3.308,146.6
"2023-08-29 00:00:00.0","B",7.8222,37.8889,25.495,55.41,3.4744,3.2989,147.6667,8.48565903053807,0.007552954348947335,0.06409179527838674,0.005688859286351522,0.0,0.9734325665052534,0.020878574208395007,7.95,40.0,24.1,55.41,3.35,3.44,155.0
"2023-08-30 00:00:00.0","A",8.1075,37.7,26.0985,55.41,3.483,3.396,150.95,9.810125957624583,0.009935146645379585,0.09746503999864509,0.0027706830292911766,0.0,0.9820053957036889,0.015223921267019899,8.3077,38.6154,27.4215,55.0215,3.54,3.4708,150.6154
"2023-08-30 00:00:00.0","B",8.119,38.3103,27.0924,54.6786,3.5917,3.4097,152.7931,9.447596635691257,0.0052484146117933415,0.049584904229091606,0.0034996698125247657,0.0,0.9777716288518643,0.01872870133561111,8.075,38.75,26.8,54.4,3.64,3.4,153.75
"2023-09-05 00:00:00.0","A",8.1533,38.7333,26.0133,54.66,3.648,3.372,150.1333,9.686099173106038,0.007260699923815439,0.07032785952823979,0.0020534156333585295,5.762686125338969E-7,0.981607130308965,0.016338877789064017,8.4,39.0,27.143,54.66,4.171,3.528,146.5
"2023-09-05 00:00:00.0","B",8.3708,39.0833,27.1287,54.66,4.1563,3.5225,146.3333,9.726977405657784,9.348892403307458E-4,0.009093646517489735,0.001960591565232452,3.115684771186381E-7,0.9782499414110494,0.019789155455241018,8.2,37.0,26.2,54.66,4.23,3.5,146.0
"2023-09-06 00:00:00.0","A",8.2904,39.5385,25.9477,54.66,3.8631,3.4538,150.2692,9.0553395469844,0.008989252929514796,0.08140073755048069,0.0010730211633500414,5.755922429768845E-7,0.9790703824892059,0.019856020755201043,7.875,38.0,26.53,54.8425,3.7,3.25,143.0
"2023-09-06 00:00:00.0","B",7.8024,38.4762,26.0852,55.1467,3.7,3.2362,143.619,8.396868932764466,0.006959312597169263,0.058436435740566985,0.0057015472762521795,5.919675478275682E-7,0.9750889447815703,0.01920891597462977,7.6,38.0,24.89,55.39,3.29,3.3,145.0
"2023-09-07 00:00:00.0","A",7.6971,38.7647,24.8629,55.39,3.4588,3.2412,148.5882,9.727379902968002,0.011114149669198681,0.1081115561307417,0.004390270340103176,5.994895081577193E-7,0.9770772675086073,0.01853186266178143,7.8409,38.1818,25.1418,54.7982,3.5955,3.3473,150.1818
"2023-09-07 00:00:00.0","B",7.9222,38.7037,25.4393,54.6322,3.6633,3.3844,151.037,9.883749659017845,0.0015198789681036375,0.015022103232742721,0.002775998407188655,5.880462657079916E-7,0.9777419942866414,0.01948141925990419,8.1444,38.0,26.8333,54.46,3.61,3.3667,152.0
"2023-09-08 00:00:00.0","A",8.1615,39.3462,26.4788,54.46,3.6385,3.4177,155.8846,9.71406663951135,0.015150859206264675,0.14717645597550907,0.002715999399068432,6.352488139274575E-7,0.9807516674806656,0.01653169787145212,8.05,38.375,27.39,54.46,3.4888,3.2375,149.375
"2023-09-11 00:00:00.0","A",7.9813,39.125,26.5856,54.46,3.4712,3.3044,150.0625,8.591385849871052,0.00984012034024576,0.08454027065221575,0.0023401996426195486,5.711592917250583E-7,0.9836510936980952,0.014008135499993675,8.05,38.7143,26.32,54.1529,3.7907,3.415,150.2143
"2023-09-11 00:00:00.0","B",8.0658,38.6842,26.3758,54.1432,3.8068,3.4258,150.4737,10.092472820441651,6.839511436463892E-4,0.0069027583277611665,0.0018720044516673073,6.009132052409272E-7,0.9829166065247373,0.015210788110390134,8.3,38.6667,25.4667,54.03,3.83,3.5267,154.0
"2023-09-12 00:00:00.0","A",8.318,38.96,26.0252,54.03,3.678,3.4256,153.28,8.107087712562878,0.007880085483057115,0.06388454419363744,0.0020097664614361836,0.0031014914528336166,0.975410398532226,0.019478343553504276,8.025,38.5,26.5025,54.0875,3.47,3.255,144.25
"2023-09-12 00:00:00.0","B",7.7426,38.3333,25.4241,54.3537,3.3693,3.2467,146.2222,7.5326628274421354,0.0015313924401199701,0.011535462907917605,0.005429079187105519,0.0027483073506148928,0.9733312598954792,0.0184913535668003,7.74,38.8,25.252,54.49,3.31,3.272,148.8
"2023-09-13 00:00:00.0","A",7.675,39.3889,24.9906,54.49,3.31,3.28,149.5556,9.692322450456638,0.012044184347844402,0.11673611835205074,0.0040283020705368985,0.0015012208874732454,0.9793523944506304,0.01511808259135944,7.7929,38.1429,26.3914,54.59,3.4557,3.3543,144.7143
"2023-09-13 00:00:00.0","B",7.8417,38.2667,26.6393,54.6067,3.5253,3.372,147.1667,9.724430737761915,0.006759307966164864,0.06573042215217258,0.0023097113073055667,5.915211875037499E-7,0.981983060340411,0.015706636831095785,8.1,39.0,25.85,54.63,3.65,3.37,152.5
"2023-09-14 00:00:00.0","A",8.0182,38.5,25.8423,54.63,3.65,3.3573,150.5,9.056908223144955,0.01728045311969359,0.15650747795942377,0.004580110890354398,6.429749474503551E-7,0.9731420585167263,0.02227718761797194,7.82,37.4,25.85,54.63,3.68,3.26,143.2
"2023-09-18 00:00:00.0","A",7.8818,38.3636,26.8364,54.63,3.6645,3.3745,146.3636,8.434465131034845,0.011948308171075218,0.10077758864379265,0.0015835738110124098,6.309722483176739E-7,0.9837893552032237,0.014626440013515537,7.88,41.4,25.28,54.886,3.77,3.528,152.4
"2023-09-18 00:00:00.0","B",7.9158,40.4737,25.3053,54.9332,3.77,3.5095,152.8421,8.940625189109218,0.0033674751224875474,0.030107332903810815,0.0021434144977491424,2.293589212934755E-5,0.9816411770929999,0.01619247251712154,8.1192,40.0769,26.2385,54.95,3.77,3.4077,158.5385
"2023-09-19 00:00:00.0","A",8.0732,39.6071,26.6479,54.95,3.77,3.3757,153.4286,9.80801908725129,0.004247771621091792,0.041662225137952646,0.0030274616800431255,0.0030117389461422127,0.9780868564708362,0.015873942902978375,8.2313,38.5,26.89,54.46,3.77,3.2825,147.0
"2023-09-19 00:00:00.0","B",7.9661,38.9643,25.7207,54.215,3.7243,3.3364,150.8214,8.225813160330098,0.0037366311918527744,0.030736830033242492,0.005698991715605111,5.43185934793766E-7,0.9750367392440416,0.01926372585441843,7.9,38.5,25.785,53.97,3.61,3.35,149.5
"2023-09-20 00:00:00.0","A",7.9389,38.5556,25.3522,53.97,3.61,3.3644,149.2222,9.409579044838129,0.01704706011538748,0.16040565963784587,0.0036151636099600423,5.684347675095388E-7,0.9794023792346427,0.016981888720629862,8.0333,39.6667,24.3844,55.2456,3.6967,3.4133,147.8889
"2023-09-21 00:00:00.0","A",8.132,40.44,25.3808,55.61,3.74,3.4016,160.76,9.48345125839655,0.018780547491369256,0.1781044067404019,0.004503187909886385,6.281104530186088E-7,0.9788006406331381,0.016695543346522675,7.9273,38.3636,26.3036,55.5082,3.6855,3.2364,146.1818
"2023-09-25 00:00:00.0","A",8.1308,39.6923,26.0769,55.47,3.6423,3.44,145.4615,7.604549096309736,0.00878120060072875,0.06677707109278633,0.0033774356221919163,5.792368198947518E-7,0.9805833876971931,0.016038597443795044,8.1917,39.5833,25.45,55.47,3.7933,3.4083,148.6667
"2023-09-25 00:00:00.0","B",8.0542,39.125,25.6542,55.47,3.8267,3.3967,146.625,8.614892412261312,6.115191448892506E-4,0.005268171641258931,0.002624374520219118,0.0015829887905522413,0.9777413584536009,0.018051278235627816,7.8643,41.5714,25.3143,55.47,3.8429,3.52,155.2857
"2023-09-26 00:00:00.0","A",7.99,39.84,25.22,55.47,3.8296,3.4456,151.76,9.163984067343316,0.006899954830697174,0.06323107613389745,0.002710851386436493,0.003003302109934379,0.9761735187612991,0.018112327742329938,8.2,38.3333,27.7967,55.47,3.82,3.2733,139.6667
"2023-09-26 00:00:00.0","B",7.96,38.8,27.108,55.3595,3.675,3.297,144.25,9.120204376527768,0.013627186921915302,0.12428272980501391,0.004743375932664568,5.784200063820778E-7,0.9736657754971754,0.021590270150153686,8.26,38.6,25.78,55.3,3.68,3.4,138.6
"2023-09-27 00:00:00.0","A",8.2696,39.2609,25.5913,55.3,3.6409,3.4061,143.1739,8.885070724550124,0.006930137715563683,0.06157476373365555,0.003164354387946562,5.984033303010798E-7,0.9786741105941295,0.0181609366145936,8.0688,39.0,25.7488,55.8025,3.9725,3.5113,146.625
"2023-09-27 00:00:00.0","B",8.1696,38.3043,26.7213,55.737,3.9004,3.4957,145.2609,9.828033640475658,0.004710069042926538,0.046290717002845004,0.0018510478606735194,5.952584561173294E-7,0.9814409602672541,0.01670739661361622,8.4167,39.3333,26.1333,55.97,4.07,3.47,148.5
"2023-09-28 00:00:00.0","A",8.44,40.0667,25.8493,55.97,3.986,3.4707,154.0,9.450273336781581,0.01145422306555694,0.10824553882998134,0.0022599984376364323,6.041352758032338E-7,0.9800351245757334,0.017704272851354366,8.4,38.6667,26.0633,55.97,3.95,3.3533,152.0
"2023-09-28 00:00:00.0","B",8.268,39.4,26.4048,55.97,3.818,3.3152,151.68,8.57239719090638,0.003872413580229764,0.033195867297189346,0.005702687203444213,5.902495704316987E-7,0.9740728855273771,0.02022383701960815,8.0,38.0,24.83,55.97,3.7,3.32,136.0
"2023-09-29 00:00:00.0","A",7.9289,39.8421,24.9463,55.97,3.6053,3.3105,150.3684,8.923212027145544,0.010151500930602644,0.09058399519753271,0.0035409118601819793,6.744825502036958E-7,0.9817974599023618,0.014660953754906031,8.0,38.0,24.83,55.97,3.7,3.32,136.0
"2023-10-02 00:00:00.0","A",8.5379,39.6897,25.7069,55.2,3.7741,3.4959,149.8621,8.090121402362627,0.004616628394799353,0.03734908418352127,0.002131663686977776,5.79508687637257E-7,0.983665380981375,0.014202375822959589,8.1038,38.8462,25.6923,55.3615,3.8408,3.4754,149.7692
"2023-10-02 00:00:00.0","B",8.1,39.1923,25.5692,55.3858,3.8354,3.4969,151.3846,9.85659905479377,0.0015242661649213143,0.01502408044041755,0.0011677960720974884,3.389703054442942E-5,0.9826530258525992,0.016145281044759097,8.85,39.3333,27.3333,55.41,3.83,3.5867,148.0
"2023-10-03 00:00:00.0","A",8.3393,38.75,26.5514,55.41,4.0925,3.5036,149.75,8.413327993779657,0.004316599721528946,0.036316969275080956,0.0024206406402021026,0.0027028624381477146,0.9740149640517078,0.02086153286994257,8.2667,37.7778,26.7722,55.2233,4.0622,3.3222,145.8889
"2023-10-03 00:00:00.0","B",8.1107,38.0,27.0411,54.81,3.8393,3.3093,144.5357,8.300079260982768,0.0012934586247649769,0.010735809106351076,0.004763444676490543,5.661940079877655E-7,0.975500157486034,0.019735831643467303,8.2,38.0,26.36,54.57,4.16,3.38,137.0
"2023-10-04 00:00:00.0","A",8.2605,39.5263,25.3274,54.57,3.9721,3.4632,145.1579,8.983772183122046,0.008650614333957937,0.07771514842032815,0.0026609021880134574,6.199819048256494E-7,0.9807319478916435,0.016606529938438065,7.8583,38.3333,25.6833,55.295,3.71,3.3833,149.6667
"2023-10-05 00:00:00.0","A",8.0431,38.7241,25.5141,55.44,3.7431,3.2724,152.1034,8.23672463876689,0.005100849181142249,0.04201429012894828,0.0027880268773704275,5.862754385801311E-7,0.9811015238295487,0.016109863017642237,8.15,37.8889,28.1067,55.44,3.83,3.3078,143.8889
"2023-10-05 00:00:00.0","B",8.1308,38.0769,27.9046,55.44,3.83,3.33,144.6154,10.216767327712091,0.003587940314696532,0.03665715138097257,0.003169637117618373,6.291019523684293E-7,0.9702778426416447,0.02655189113878445,8.2,38.0,25.46,55.44,3.55,3.3,154.0
"2023-10-09 00:00:00.0","A",8.1182,38.2273,26.5245,55.44,3.6645,3.3109,152.5455,7.953089807310771,0.00382327650419215,0.030406861396021344,0.0024936372697961797,9.515827329962883E-4,0.9802372793730311,0.016317500624176584,8.0154,39.1538,25.0831,55.4554,3.5931,3.4069,155.3077
"2023-10-09 00:00:00.0","B",7.9793,38.8621,25.1841,55.4552,3.5741,3.41,153.931,9.959644735075386,8.438529017531224E-4,0.008404475110123573,0.002206558422918103,0.0029671159602008843,0.9760822470407509,0.018744078576130162,8.2,41.0,24.9333,55.46,3.69,3.4933,162.6667
"2023-10-10 00:00:00.0","A",8.2196,40.0,25.3491,55.46,3.8465,3.4357,158.0,8.560714722247727,0.005822035611178581,0.049840785970067025,0.003538072041401173,0.002695659665627948,0.9762775760945354,0.017488692198435622,7.9222,38.8889,24.9156,55.5433,3.93,3.2533,156.2222
"2023-10-10 00:00:00.0","B",7.6967,39.0,24.9313,55.6433,3.93,3.174,157.5667,8.264257581914638,0.0018328519104997526,0.015147160297874308,0.006056448212357166,5.683747855702404E-7,0.9731862432491907,0.020756740163666552,7.8667,38.0,24.5933,55.71,3.89,3.3267,149.0
"2023-10-11 00:00:00.0","A",7.7714,39.0,24.4821,55.71,3.9186,3.22,156.1429,8.248698606571477,0.006360440784448777,0.05246535903586302,0.004364050750618698,6.361543840935468E-7,0.9796381568328529,0.015997156262144294,7.7444,38.5556,25.1978,55.1733,3.77,3.3133,150.6667
"2023-10-11 00:00:00.0","B",7.7867,38.7,25.2053,55.135,3.719,3.304,152.5333,9.533480957259142,0.0038476017014107914,0.03668103755151765,0.003962047321822914,6.287322575738194E-7,0.9809981186634931,0.015039205282426426,7.95,39.0,26.05,55.02,3.62,3.31,154.5
"2023-10-12 00:00:00.0","A",8.1034,38.8621,25.1286,55.02,3.62,3.369,156.7241,9.226885256659621,0.013425738706258529,0.12387775052854123,0.005215005572788572,5.974140093416869E-7,0.976757394870933,0.018027002142269013,7.9633,38.6,25.806,55.0667,3.572,3.3187,153.2667
"2023-10-16 00:00:00.0","A",8.4717,39.3478,26.467,55.09,3.5848,3.4252,153.4783,8.507041858165,0.008356694509372715,0.0710907499871313,0.0021107796213851275,5.877485060826453E-7,0.9825284110541324,0.015360221575976484,8.2,38.6111,26.5611,56.2233,3.6867,3.445,148.2778
"2023-10-16 00:00:00.0","B",8.2444,39.1852,26.4296,56.1478,3.6867,3.4578,149.5185,9.148217274591016,6.929522000264964E-4,0.006339277286748243,0.0014118622040923423,5.372422447213779E-7,0.9816604860938843,0.016927114459778767,8.45,40.0,26.8,56.45,3.72,3.5,158.5
"2023-10-17 00:00:00.0","A",8.5052,39.1379,27.17,56.45,3.9476,3.4421,155.3103,8.701674764287647,0.003109913456773297,0.027061455445922762,0.0025776356047035793,6.246283703116807E-7,0.977129763496687,0.020291976270239192,8.0278,38.4444,25.5844,56.29,4.02,3.3956,150.6667
"2023-10-17 00:00:00.0","B",7.8673,39.4231,24.7877,56.2008,3.8638,3.3915,155.1154,8.081464085101727,0.001452853112725748,0.011741180251421382,0.005522749470025846,0.002822647759805512,0.9678118340555744,0.02384276871459446,8.05,39.3333,24.7333,56.09,3.73,3.46,151.6667
"2023-10-18 00:00:00.0","A",8.11,39.5333,25.0033,56.09,3.73,3.46,152.6,8.340299706740737,0.0026350174302715115,0.021976835100950217,0.002596290025298082,6.431845302935246E-7,0.9814583193543168,0.015944747435855017,8.1429,38.7143,26.3657,55.8414,3.7571,3.4657,145.1429
"2023-10-18 00:00:00.0","B",8.1375,38.75,26.8383,55.7033,3.8408,3.4675,151.4167,10.023628843226504,0.0061767726515723825,0.06191367650835359,0.0012184512170057714,5.789110543835274E-7,0.982716503882463,0.016064465989476858,8.3444,39.6667,26.6333,55.51,3.9044,3.4467,157.5556
"2023-10-19 00:00:00.0","A",8.2844,39.3438,26.5419,55.51,3.8238,3.4231,158.1875,9.639676067224261,0.006207586495754867,0.059839122978352706,0.0030310860293764927,5.955302610729743E-7,0.9800780638181161,0.016890254622246397,8.03,38.2,26.542,55.51,3.724,3.32,159.0
"2023-10-19 00:00:00.0","B",7.936,38.28,27.0184,55.51,3.6904,3.3044,157.56,8.669127496940128,0.0026835403986161747,0.02326395385879315,0.00477070161729042,6.248224462881798E-7,0.9770661003831411,0.01816257317712217,8.45,40.0,26.0,55.51,3.89,3.3,150.0
"2023-10-23 00:00:00.0","A",8.3139,39.0,25.6667,55.51,3.7511,3.3922,153.3333,8.433041986046511,0.006813486604207956,0.05745841860465116,0.001779199964917901,5.946897840427561E-7,0.9819759296115123,0.016244275733785653,8.2125,39.0,25.85,55.854,4.055,3.472,156.15
"2023-10-23 00:00:00.0","B",8.2097,39.0968,26.0226,55.8429,4.0532,3.469,155.6129,10.008749744383097,0.0018657046059412014,0.018673370497808366,7.461927233064789E-4,6.15001013360902E-7,0.9843206053055352,0.014932586970145016,8.7,39.1429,28.3286,55.94,4.1557,3.5257,155.5714
"2023-10-24 00:00:00.0","A",8.65,39.0833,27.5904,55.94,4.2367,3.4908,155.5,8.388915585786624,0.004113265962181188,0.03450584093862737,0.0023419265448464347,0.0020563913291070757,0.9775524754332054,0.01804920669284091,7.9933,38.4,26.578,55.5333,4.11,3.392,152.5333
"2023-10-24 00:00:00.0","B",8.0375,38.1875,26.9288,55.4825,4.0975,3.3994,151.7812,8.973863924583261,0.001819638401264751,0.01632918740489611,0.0032666398008897356,0.002857250808047829,0.9728545801750375,0.021021529216024924,8.14,39.0,25.89,55.33,4.03,3.428,152.8
"2023-10-25 00:00:00.0","A",8.2219,39.8125,25.8581,55.33,4.03,3.4762,155.75,10.485564214364523,0.005193310996889633,0.054454795943051686,0.001510597826189826,0.0026271046107681807,0.9821856044793809,0.013676693083661151,8.6,39.0,28.04,55.33,4.03,3.4825,154.0
"2023-10-25 00:00:00.0","B",8.2828,38.7586,27.2007,55.4472,4.1414,3.4652,155.1379,8.676392111606216,0.011307581202015035,0.09810900834250999,0.0020786444183079297,5.922418109309639E-7,0.9789986178483117,0.018922145491569523,8.22,38.9,25.274,55.5,4.2,3.426,162.3
"2023-10-26 00:00:00.0","A",8.3,38.7407,26.1659,55.5,4.2,3.417,161.963,9.675467422006648,0.0038943144466831057,0.03767931255993223,0.002503679458509813,6.007578332226826E-7,0.9797338223714147,0.017761897412242215,7.965,38.2,26.474,55.5,4.2,3.356,159.4
"2023-10-26 00:00:00.0","B",7.92,38.3,26.682,55.5,4.2,3.351,159.9,9.685392750882635,0.004106220492000936,0.03977035818675159,0.004065833404956361,6.377141312741682E-7,0.9791230875535842,0.016810441327328174,7.95,39.1667,25.75,55.5,4.1033,3.38,159.3333