Date,Shift,activeClay,compactibility,gcs,gfnAfs,inertFines,loi,moisture,permeability,shearStrength,splitStrength,tempOfSandAfterMix,volatileMatter,S/M,C/S,C/M,bentonite,freshSilicaSand,lca,returnSand,water,activeClay,compactibility,gcs,gfnAfs,inertFines,loi,moisture,permeability,shearStrength,splitStrength,tempOfSandAfterMix,volatileMatter
10-01-2025,1,8.4,38,2213.75,64.68,2.69,5.2662,3.25,94.125,536.25,503.75,38.125,3.2,7.054740971,0.050743574,0.357982773,0.014136309,0.013918013,0.005384631,0.952563653,0.013997394,8.47,39,2165,64.17,2.76,5.37,3.3,96,535,455,32.5,3.15
10-01-2025,2,8.4262,38.75,2158.75,64.4888,2.7162,5.2838,3.2875,95.25,542.5,460,33.25,3.175,5.806362287,0.071003892,0.412274318,0.013991279,0.013926251,0.005380208,0.95283077,0.013871491,8.428,38.2,2360,64.17,2.76,5.28,3.24,90.8,534,540,37.4,3.1
10-01-2025,3,8.435,38.25,2285,64.17,2.76,5.28,3.25,91,530,540,37.625,3.1,6.245271912,0.067470896,0.421374089,0.013919165,0.013927438,0.005381526,0.953038845,0.013733025,8.47,38,2185,64.17,2.76,5.295,3.225,93.75,555,500,39.25,3.1
11-01-2025,1,8.47,38.25,2170,64.17,2.76,5.3025,3.25,94.5,542.5,500,39,3.1,6.583793982,0.065579076,0.431759127,0.013998904,0.013931372,0.005378693,0.953387306,0.013303725,8.47,38.3333,2183.3333,64.17,2.76,5.34,3.2667,94,553.3333,466.6667,39,3.1
11-01-2025,2,8.45,38.625,2160,63.905,2.805,5.315,3.2875,94.875,545,460,36.75,3.05,6.242534786,0.062603767,0.390806191,0.013951001,0.01393572,0.005373606,0.953496664,0.013243009,8.43,38.3333,2226.6667,63.64,2.85,5.2,3.2667,92.3333,533.3333,500,37.6667,2.9
11-01-2025,3,8.415,38.5,2187.5,63.64,2.85,5.2,3.2625,92,531.25,500,38.625,2.9,5.758887984,0.070281213,0.404741633,0.014072186,0.013927278,0.005576278,0.953173219,0.01325104,8.43,38,2210,63.64,2.85,5.2667,3.2333,97,553.3333,500,39.6667,2.9
14-01-2025,2,8.4,38.5,2295,64.13,2.68,5.4,3.25,91.5,555,540,32.5,3,7.493503073,0.007379527,0.055298507,0.014057963,0.013969862,0.005596372,0.956094721,0.010281083,8.4125,37.5,2160,64.13,2.68,5.4,3.175,93,557.5,502.5,34,3.1
14-01-2025,3,8.4188,37.875,2157.5,64.13,2.68,5.4,3.225,94.125,546.25,496.25,34.875,3.1,6.017936634,0.05278781,0.317673698,0.013955724,0.013936501,0.005648288,0.953448883,0.013010605,8.4,38.2,2164,64.13,2.68,5.334,3.24,94.2,544,464,37.6,3.1
15-01-2025,1,8.4,38,2167.5,64.13,2.68,5.345,3.225,93.875,545,466.25,37.75,3.1,6.63179822,0.059037924,0.391527596,0.013904894,0.013902063,0.005577813,0.951342781,0.015272449,8.388,38,2226,64.222,2.668,5.286,3.24,91.8,536,536,37.2,3.08
15-01-2025,2,8.3775,38.125,2230,64.3025,2.6575,5.3,3.25,91.625,528.75,537.5,37.375,3.0875,7.72519728,0.050950671,0.393603987,0.013973819,0.013910199,0.005568571,0.952045926,0.014501486,8.3667,37.6667,2183.3333,64.59,2.62,5.35,3.2,96,543.3333,483.3333,38.6667,3
15-01-2025,3,8.37,39.5,2137.5,64.59,2.62,5.35,3.3375,95.625,528.75,470,38.875,3,7.275174599,0.053975885,0.392683986,0.013922805,0.013915174,0.005570648,0.952351882,0.014239492,8.34,37.3333,2236.6667,64.59,2.62,5.2633,3.2,91,570,466.6667,39.3333,3
16-01-2025,1,8.34,39.125,2152.5,64.59,2.62,5.2687,3.3125,95.625,546.25,467.5,39.875,3,6.294905929,0.061407065,0.386551697,0.01392813,0.013922691,0.005577234,0.952834165,0.01373778,8.376,35.8,2294,64.248,2.692,5.448,3.14,92.2,574,476,40.6,3.04
16-01-2025,2,8.37,37.25,2228.75,64.305,2.68,5.4213,3.225,95.5,561.25,475,40.625,3.025,7.575804322,0.05154272,0.39047756,0.013967459,0.013920771,0.00556753,0.952432828,0.014111413,8.45,37.5,2185,64.02,2.74,5.42,3.2,95.25,550,475,40.5,3.1
17-01-2025,1,8.4,39.25,2152.5,64.02,2.74,5.3588,3.3,96.375,543.75,456.25,40.125,3.1,5.151414816,0.07367984,0.37955542,0.013917702,0.013917702,0.005574297,0.952501218,0.014089081,8.37,37.5,2255,64.79,2.66,5.3,3.2,96,535,540,39,3.05
17-01-2025,2,8.3925,38.25,2183.75,64.2125,2.72,5.3,3.25,93,535,525,38.25,3.0875,5.394813429,0.07899435,0.426159778,0.013923022,0.013926172,0.00557677,0.952777043,0.013796993,8.3625,38,2192.5,64.79,2.66,5.3,3.25,93,547.5,487.5,39.5,3
17-01-2025,3,8.3588,38.5,2165,64.79,2.66,5.3,3.275,92.25,536.25,478.75,40.25,3,6.214879308,0.062970664,0.391355076,0.013945508,0.013924239,0.005577258,0.952860353,0.013692641,8.37,38.6,2182,64.79,2.66,5.332,3.26,93.6,556,462,41,3
18-01-2025,1,8.37,39.25,2176.25,64.79,2.66,5.35,3.3,95.625,547.5,463.75,40.25,3,7.716807268,0.043628864,0.336675535,0.013987613,0.013927443,0.005575791,0.953099177,0.013409977,8.4214,38.5714,2157.1429,63.9757,2.7714,5.4057,3.2714,94.7143,547.1429,467.1429,37.2857,3.0286
18-01-2025,2,8.4225,38.375,2172.5,63.9588,2.7737,5.4087,3.2625,94.125,551.25,467.5,37,3.025,7.335457481,0.066433823,0.487322482,0.013922878,0.013922878,0.005572458,0.952443945,0.01413784,8.43,40.5,2235,63.84,2.79,5.43,3.4,91.5,520,480,39.5,3.2
22-01-2025,1,8.4,38.75,2151.25,64.01,2.88,5.35,3.275,92,533.75,510,39.75,3.3,7.432705838,0.037382852,0.277855739,0.013987093,0.013862571,0.00554936,0.948534428,0.018066549,8.44,37.8,2190,64.25,2.72,5.402,3.24,92.4,544,462,39.4,3.26
22-01-2025,2,8.435,39.125,2198.75,64.22,2.74,5.3988,3.3125,92,535,462.5,39.625,3.25,6.776260143,0.057033433,0.386473376,0.013944867,0.013877936,0.005561068,0.949833983,0.016782146,8.44,38.2,2160,64.25,2.72,5.35,3.26,93.6,542,454,37.4,3.1
22-01-2025,3,8.44,38.375,2153.75,64.25,2.72,5.35,3.2625,94.125,537.5,452.5,37.875,3.1,5.966173158,0.05943801,0.35461746,0.013864718,0.013852376,0.005591143,0.947902396,0.018789367,8.44,39.6667,2153.3333,64.25,2.72,5.37,3.3667,90.3333,516.6667,500,39,3.1
23-01-2025,1,8.44,39.125,2163.75,64.25,2.72,5.38,3.3125,90.75,525,495,40.25,3.1,6.391951181,0.048014152,0.306904116,0.013995077,0.013880315,0.005556083,0.949757812,0.016810713,8.4486,37.7143,2172.8571,63.9929,2.7057,5.3657,3.2143,94.7143,547.1429,477.1429,38.7143,3.0714
23-01-2025,2,8.4475,37.75,2173.75,64.025,2.7075,5.3712,3.2125,94.875,545,477.5,38.5,3.075,7.422349936,0.047498753,0.352552363,0.013936541,0.013895466,0.005562052,0.951009481,0.015596459,8.47,36.1429,2175.7143,63.35,2.67,5.34,3.1714,92.5714,548.5714,458.5714,39,3
23-01-2025,3,8.4612,36.125,2172.5,63.35,2.67,5.34,3.175,92.625,548.75,460,38.75,3,7.706842741,0.017248534,0.13293174,0.014061866,0.013907,0.005565897,0.951498952,0.014966286,8.47,38.2,2212,63.35,2.67,5.328,3.24,92,534,500,38.4,3
24-01-2025,1,8.47,38.875,2163.75,63.35,2.67,5.325,3.275,91,525,500,38.25,3,6.801998161,0.053319228,0.362677291,0.013999402,0.013925863,0.005574267,0.953067318,0.01343315,8.454,37.6,2210,63.902,2.758,5.414,3.2,94.2,550,472,37.8,3.04
24-01-2025,2,8.455,38.25,2162.5,63.8675,2.7525,5.4075,3.25,92.625,536.25,471.25,38.125,3.025,6.48586886,0.054414154,0.352923069,0.014055037,0.013911444,0.005569364,0.95181765,0.014646504,8.45,39.4,2150,64.04,2.78,5.42,3.3,96,560,468,38.8,3.2
24-01-2025,3,8.45,39.25,2150,64.04,2.78,5.42,3.3,96,558.75,465,39.25,3.2,6.322967584,0.057509193,0.363628763,0.014202826,0.013912973,0.00556824,0.951940239,0.014375721,8.45,38.2857,2210,64.04,2.78,5.37,3.2571,91.4286,530,528.5714,38.7143,3.2
25-01-2025,1,8.45,38.75,2188.75,64.04,2.78,5.3763,3.275,91.625,528.75,525,38.625,3.2,6.372142914,0.07397496,0.47137902,0.014167756,0.013908101,0.005566073,0.95175598,0.01460209,8.4833,38,2203.3333,64.1833,2.8,5.3267,3.2333,96.6667,556.6667,483.3333,37.3333,3.1667
29-01-2025,2,8.54,35,2270,64.65,2.82,5.315,3.1,90.5,560,455,32,3.2,8.424660397,0.003273219,0.027575758,0.013969854,0.01393587,0.005575917,0.95363075,0.012887609,8.55,36.1667,2266.6667,64.83,2.8,5.43,3.1833,90.1667,521.6667,500,31.8333,3.3
29-01-2025,3,8.555,36.25,2252.5,64.83,2.8,5.43,3.1875,90.25,523.75,500,32.375,3.3,6.654985917,0.046471377,0.309266361,0.01375329,0.013924015,0.005574371,0.952883863,0.01386446,8.53,36.75,2240,64.83,2.8,5.39,3.2,92.5,552.5,495,36.5,3.3
30-01-2025,1,8.53,37.625,2200,64.83,2.8,5.39,3.25,92.375,548.75,487.5,36.625,3.3,6.775088738,0.060655006,0.410943046,0.013797295,0.01390686,0.005679091,0.951645554,0.0149712,8.506,38.2,2172,64.782,2.864,5.366,3.26,93.6,552,460,37.2,3.3
30-01-2025,2,8.5038,38.25,2161.25,64.7775,2.87,5.3725,3.25,93.75,550,457.5,36.25,3.25,7.022965446,0.055879872,0.392442409,0.013657268,0.013914398,0.005561351,0.952115077,0.014751906,8.525,38,2265,64.77,2.88,5.41,3.25,90,530,500,39,3.1
30-01-2025,3,8.5062,38.125,2236.25,64.77,2.88,5.41,3.2625,90.25,525,500,38.375,3.1,6.081950032,0.071384471,0.434156786,0.013322759,0.014501374,0.005562624,0.951704311,0.014908933,8.5,37.4,2304,64.77,2.88,5.366,3.2,93,582,492,41.6,3.1
31-01-2025,1,8.5,38,2282.5,64.77,2.88,5.355,3.2375,94.875,576.25,493.75,41.375,3.1,7.072734468,0.058249247,0.411981457,0.01329602,0.014548312,0.005635315,0.950719749,0.015800604,8.46,39.5,2135,64.74,2.96,5.4,3.35,97.5,535,535,37.5,3.1
31-01-2025,2,8.46,38.125,2231.25,64.74,2.96,5.35,3.25,93.375,551.25,551.25,36.125,3.1,5.767975267,0.071316965,0.411354489,0.013384796,0.014522424,0.005594667,0.952050922,0.01444719,8.52,37.5,2268.3333,64.74,2.96,5.3,3.2,91,531.6667,500,38.5,3.1
31-01-2025,3,8.52,37.375,2253.75,64.74,2.96,5.3,3.2125,90.75,531.25,500,38.625,3.1,7.672578545,0.042058529,0.322697367,0.013321033,0.014528116,0.005561208,0.951871842,0.014717801,8.46,37.5,2260,64.74,2.96,5.49,3.2,94.5,550,490,39.5,3.1
01-02-2025,1,8.46,39,2227.5,64.74,2.96,5.4188,3.325,93.875,541.25,490,39.5,3.1,5.852819196,0.07002923,0.409868421,0.013344889,0.014491426,0.005564291,0.950906952,0.015692441,8.535,37.8333,2248.3333,64.3567,2.8433,5.4333,3.2167,92.6667,571.6667,450,36.6667,3.1
01-02-2025,2,8.5387,38,2246.25,64.3375,2.8375,5.4375,3.2375,93.125,566.25,452.5,35.5,3.075,7.260044302,0.054987015,0.399208168,0.013226676,0.014551453,0.005569127,0.951814396,0.014838348,8.5,38,2330,64.28,2.82,5.45,3.25,89,520,480,39.5,3
01-02-2025,3,8.5125,38.125,2282.5,64.28,2.82,5.45,3.2625,90.25,523.75,485,38.5,3,6.294028839,0.062599913,0.394005659,0.013140806,0.01450189,0.00560918,0.951644773,0.015103351,8.55,38.25,2207.5,64.28,2.82,5.415,3.25,92.25,525,477.5,38.25,3
02-02-2025,1,8.55,38.375,2205,64.28,2.82,5.415,3.275,93.375,533.75,477.5,38.375,3,7.478369929,0.055789742,0.417216325,0.013152042,0.014502436,0.005569478,0.951705586,0.015070458,8.55,38,2226.25,64.28,2.82,5.38,3.2375,93,552.5,463.75,37.125,3
02-02-2025,2,8.55,38,2226.25,64.28,2.82,5.38,3.2375,93,552.5,463.75,37.125,3,7.802354866,0.051059957,0.398387901,0.012825146,0.014511546,0.005576458,0.952320218,0.014766632,8.55,38,2260,64.28,2.82,5.38,3.2,94.5,525,495,37,3
02-02-2025,3,8.55,38.875,2211.25,64.28,2.82,5.38,3.275,92,531.25,506.25,38.625,3,5.639753198,0.067526903,0.380835066,0.0128384,0.014576,0.0055712,0.95232,0.0146944,8.55,38.8,2250,64.28,2.82,5.38,3.28,93.8,530,530,40.2,3
04-02-2025,1,8.55,38.75,2197.5,64.28,2.82,5.38,3.2875,93.125,530,530,40.25,3,7.006620785,0.05134815,0.359777013,0.012743011,0.014630339,0.005576841,0.953597275,0.013452533,8.4,37,2300,64.5,2.85,5.36,3.2,93,520,500,30,3.2
04-02-2025,2,8.4,38.5,2240,64.5,2.85,5.36,3.3,91.5,530,510,31.5,3.2,6.073824881,0.070677326,0.429281704,0.012509859,0.014528698,0.005709297,0.952376228,0.014875918,8.4,36.6667,2196.6667,64.5,2.85,5.36,3.1333,94,530,493.3333,35,3.2
04-02-2025,3,8.4075,36.875,2251.25,64.5,2.85,5.36,3.175,95.625,547.5,493.75,35.25,3.2,5.460530097,0.07867453,0.429604638,0.012337046,0.014543633,0.005769258,0.952565453,0.01478461,8.4,37.3333,2256.6667,64.5,2.85,5.36,3.2,93,560,480,37.6667,3.2
05-02-2025,1,8.4,38.75,2166.25,64.5,2.85,5.3675,3.275,96.375,545,466.25,37.25,3.2,5.735730627,0.067118648,0.384974482,0.012360379,0.01451494,0.005767547,0.952542949,0.014814185,8.4,37.5,2307.5,64.5,2.85,5.4125,3.2,90.5,540,525,37.5,3.2
05-02-2025,2,8.4,38.5,2233.75,64.5112,2.8388,5.42,3.25,91.375,533.75,520,37.625,3.2,6.048839021,0.070214712,0.424717492,0.012447155,0.014530922,0.005775406,0.953635041,0.013611477,8.39,38.25,2227.5,64.59,2.76,5.47,3.25,93.75,540,490,39.5,3.2
05-02-2025,3,8.395,38.5,2206.25,64.59,2.76,5.47,3.275,93.375,536.25,496.25,39.625,3.2,6.542210618,0.083729181,0.547773937,0.012372025,0.014529439,0.005775169,0.953311863,0.014011504,8.4,39.3333,2116.6667,64.59,2.76,5.47,3.3333,99,530,476.6667,42,3.2
06-02-2025,1,8.4,38,2220,64.59,2.76,5.4288,3.2375,94.875,548.75,467.5,41.375,3.2,7.190354269,0.048935753,0.351865399,0.012363839,0.014541535,0.005777742,0.954122605,0.013194279,8.38,38,2260,64.5833,2.82,5.4233,3.2333,92,533.3333,516.6667,38.3333,3.1667
06-02-2025,2,8.3925,38,2260,64.5875,2.7825,5.3938,3.2375,90.625,528.75,516.25,37.75,3.1875,6.151229055,0.068565922,0.421764693,0.012335136,0.01450888,0.005770773,0.952307016,0.015078194,8.36,38.5,2220,64.57,2.94,5.51,3.25,94.5,555,485,37.5,3.1
06-02-2025,3,8.372,39.4,2210,64.57,2.94,5.51,3.34,93.2,542,482,39,3.1,6.153811998,0.051947471,0.31967497,0.012352277,0.014520414,0.005771521,0.952759031,0.014596757,8.34,38,2190,64.57,2.94,5.44,3.2,96,560,470,41,3.1
07-02-2025,1,8.34,39.6,2112,64.57,2.94,5.454,3.32,99.6,540,464,39.6,3.1,5.66359851,0.078055711,0.442076211,0.012409811,0.014526054,0.005773439,0.953336507,0.013954189,8.32,37.3333,2316.6667,64.35,2.9,5.4333,3.2,92,523.3333,520,38,3.1
07-02-2025,2,8.3175,38.75,2212.5,64.3225,2.895,5.4275,3.275,91.625,531.25,515,38.375,3.075,6.664178163,0.059716419,0.397960857,0.012354107,0.014547889,0.005786017,0.954394523,0.012917465,8.31,38,2195,64.24,2.88,5.42,3.25,94.5,530,480,37,2.9
07-02-2025,3,8.3325,38.75,2217.5,64.24,2.88,5.42,3.2875,92.375,530,480,38.375,2.9,5.348247212,0.067578845,0.36142837,0.012349765,0.014524685,0.005772995,0.953182476,0.014170079,8.31,38,2172.5,64.24,2.88,5.4025,3.225,95.25,547.5,472.5,40.25,2.9
08-02-2025,1,8.31,37.75,2202.5,64.24,2.88,5.3938,3.2125,93.75,550,466.25,40.125,2.9,6.250477312,0.067100457,0.419409884,0.012363097,0.014547234,0.005779124,0.954455071,0.012855475,8.325,38.25,2235,64.385,2.8525,5.365,3.25,89.75,532.5,535,38.25,2.9
08-02-2025,2,8.3175,38.75,2200,64.3125,2.8662,5.3475,3.275,90.75,533.75,532.5,38.125,2.9,6.243891911,0.063833428,0.398569024,0.012552166,0.014536773,0.00577926,0.953900195,0.013231605,8.385,37.75,2247.5,64.82,2.77,5.47,3.225,94.5,535,480,39.75,2.9
08-02-2025,3,8.3775,38.875,2236.25,64.82,2.77,5.47,3.2875,93.125,532.5,480,39.5,2.9,7.551929188,0.072863296,0.550258453,0.0126117,0.014533137,0.005776425,0.953691678,0.013387059,8.37,38.4,2194,64.82,2.77,5.356,3.26,94.8,552,456,39.6,2.9
09-02-2025,1,8.37,38.25,2201.25,64.82,2.77,5.3275,3.25,94.125,552.5,455,38.875,2.9,7.631625612,0.048709834,0.37173522,0.01262893,0.014545793,0.005784765,0.954392941,0.012647571,8.382,36.2,2320,64.708,2.794,5.368,3.16,89.8,528,504,37.6,2.94
09-02-2025,2,8.3812,36.875,2280,64.715,2.7925,5.3775,3.1875,91,526.25,502.5,37.75,2.925,6.004159564,0.061492828,0.369212751,0.012581201,0.014529749,0.005774888,0.953591344,0.013522818,8.3583,38.5,2205,64.54,2.83,5.38,3.2667,95,553.3333,540,40,3
09-02-2025,3,8.3625,38.625,2207.5,64.54,2.83,5.38,3.2875,94.125,550,540,39.875,3,6.692892356,0.058201298,0.389535021,0.012682804,0.01455143,0.005771537,0.95419215,0.012802078,8.4,38.3333,2206.6667,64.54,2.83,5.45,3.25,93.5,553.3333,453.3333,39,3
11-02-2025,2,8.3333,38,2176.6667,64.58,2.7433,5.4233,3.3,96,530,466.6667,36,3.0667,4.587528681,0.097455059,0.447077878,0.012594997,0.014580867,0.005774298,0.953217491,0.013832347,8.3,41,2060,64.6,2.7,5.41,3.4,102,520,470,40,3.1
11-02-2025,3,8.3075,37.875,2241.25,64.6,2.7,5.41,3.2125,95,552.5,470,36.5,3.1,6.041864205,0.065871676,0.39798772,0.01256246,0.01455124,0.005779892,0.954614384,0.012492024,8.3,36.75,2255,64.6,2.7,5.4625,3.225,92.25,530,515,40,3.1
12-02-2025,1,8.3,38.125,2223.75,64.6,2.7,5.4625,3.275,91.875,533.75,517.5,40.375,3.1,5.892560897,0.060228699,0.354901274,0.012559683,0.014552029,0.005778098,0.954922062,0.012188129,8.3133,38.3333,2240,64.4733,2.6867,5.4367,3.2667,94,546.6667,466.6667,37.6667,3.0667
12-02-2025,2,8.305,39.625,2222.5,64.5525,2.695,5.4488,3.3375,93.375,541.25,462.5,37.75,3.0875,8.512157509,0.051449887,0.437949543,0.012561269,0.014542992,0.005777438,0.954209143,0.012909158,8.34,39.5,2125,64.22,2.66,5.35,3.3,96,555,460,37.5,3
12-02-2025,3,8.36,39.25,2136.25,64.22,2.66,5.35,3.325,96.375,546.25,462.5,38,3,6.194017999,0.051696402,0.320208444,0.012547731,0.014525251,0.005771212,0.953180786,0.01397502,8.34,38.6667,2246.6667,64.22,2.66,5.35,3.2667,94,523.3333,523.3333,39.6667,3
13-02-2025,1,8.34,39.5,2197.5,64.22,2.66,5.4062,3.325,91.875,532.5,523.75,40.125,3,5.802222665,0.068698759,0.398605498,0.012562814,0.014591212,0.005825272,0.954060363,0.012960339,8.34,37.5,2240,64.22,2.66,5.5,3.2,96,570,480,38,3
13-02-2025,2,8.3625,39.5,2171.25,64.4225,2.69,5.4412,3.3125,94.125,537.5,475,38.375,2.975,5.726613152,0.069918979,0.400398946,0.01257451,0.014533068,0.005776327,0.953732614,0.01338348,8.4,37,2290,64.76,2.74,5.32,3.2,96,570,450,38,2.9
13-02-2025,3,8.395,38.5,2167.5,64.76,2.74,5.32,3.2875,97.875,546.25,451.25,38,2.9,5.462283658,0.071925624,0.392878163,0.012552172,0.014534635,0.005776191,0.953225525,0.013911477,8.4,39.5,2177.5,64.76,2.74,5.2375,3.375,90.25,532.5,530,40,2.9
14-02-2025,1,8.4,39.375,2180,64.76,2.74,5.2238,3.3375,92,532.5,527.5,40.125,2.9,6.574394889,0.065907721,0.433303385,0.012549013,0.014544844,0.005771133,0.953760288,0.013374722,8.34,37.5,2230,64.16,2.85,5.27,3.2,96,550,490,38.5,2.9
14-02-2025,2,8.355,38.5,2190,64.31,2.8225,5.2525,3.275,94.125,536.25,487.5,37.875,2.875,6.120699967,0.062541424,0.38279729,0.012552186,0.014536492,0.005829687,0.953674362,0.013407273,8.3333,38.6667,2180,64.16,2.85,5.27,3.2833,96,548.3333,463.3333,39,2.8
14-02-2025,3,8.335,38.875,2161.25,64.16,2.85,5.27,3.3,96.375,543.75,462.5,39.5,2.8,6.715665394,0.063425123,0.425941907,0.012550086,0.014539656,0.006165104,0.952944115,0.013801039,8.34,39.3333,2200,64.16,2.85,5.33,3.3167,93.5,540,518.3333,39.8333,2.8
15-02-2025,1,8.34,39.625,2192.5,64.16,2.85,5.33,3.3375,93,542.5,518.75,39.875,2.8,7.180630537,0.046331258,0.332687644,0.012548454,0.014535565,0.006177837,0.953813028,0.012925116,8.345,38,2217.5,64.0625,2.8325,5.365,3.25,95.25,550,475,38.75,2.85
15-02-2025,2,8.3425,38.25,2198.75,64.1112,2.8413,5.3675,3.2625,94.125,542.5,488.75,37.875,2.825,6.230500844,0.061533762,0.383386156,0.012614052,0.014516324,0.006166655,0.952588398,0.014114572,8.42,39,2155,63.77,2.78,5.35,3.3,96,545,450,41,2.9
15-02-2025,3,8.39,39.5,2161.25,63.77,2.78,5.35,3.3,97.5,545,453.75,39.5,2.9,6.230718542,0.06475109,0.403445814,0.01258172,0.014555323,0.00616751,0.953908145,0.012787303,8.36,38.5,2280,63.77,2.78,5.42,3.25,90,535,500,39.5,2.9
18-02-2025,2,8.39,39.5,2185,64.26,2.87,5.47,3.35,93,570,520,32.5,3.1,4.13998045,0.105996411,0.438823069,0.012640649,0.014551486,0.006169375,0.954708189,0.011930301,8.39,35.75,2185,64.26,2.87,5.47,3.125,97.5,557.5,525,36.25,3.1
18-02-2025,3,8.345,36.625,2168.75,64.26,2.87,5.47,3.1625,96,551.25,522.5,36.875,3.1,6.73368459,0.062460853,0.420591683,0.012587135,0.01451945,0.005977535,0.953516091,0.013399791,8.39,38,2190,64.26,2.87,5.51,3.2,96,520,470,35,3.1
19-02-2025,1,8.39,38.5,2130,64.26,2.87,5.51,3.25,94.5,515,495,35.5,3.1,7.941416767,0.052205478,0.414585461,0.012646448,0.014539439,0.005981213,0.954448925,0.012383975,8.365,37.5,2280,64.12,2.845,5.505,3.2,94.5,565,460,35,3.1
19-02-2025,2,8.3614,38.5714,2195.7143,64.1,2.8414,5.4943,3.2571,95.5714,560,457.1429,35,3.1286,7.099112579,0.060868854,0.432114849,0.012550043,0.014540168,0.005976999,0.953670805,0.013261985,8.298,38.8,2184,63.98,2.82,5.5,3.26,98.4,540,540,37.8,3.2
19-02-2025,3,8.2962,39.125,2150,63.98,2.82,5.5,3.3,98.25,541.25,535,38.25,3.2,6.747275532,0.063989612,0.431755544,0.012637865,0.014510958,0.00597186,0.951971705,0.014907612,8.34,38.5,2175,63.98,2.82,5.54,3.3,99,535,465,41.5,3.2
20-02-2025,1,8.34,39.75,2146.25,63.98,2.82,5.54,3.35,96.75,531.25,478.75,40.125,3.2,5.875676552,0.071954119,0.422779128,0.012563161,0.014565447,0.00598326,0.954624976,0.012263156,8.3125,37,2235,63.935,2.8075,5.5175,3.2,92.25,562.5,450,38.25,3.2
20-02-2025,2,8.3263,38.75,2165,63.9575,2.8137,5.4838,3.2875,96,547.5,455,38,3.2,5.996533985,0.066387197,0.398093084,0.012619007,0.014525761,0.005965228,0.953377206,0.013512798,8.23,38.5,2170,63.8,2.77,5.45,3.25,96,550,540,37,3.2
20-02-2025,3,8.2225,39.25,2128.75,63.8,2.77,5.45,3.3375,97.875,551.25,535,38.25,3.2,5.906418554,0.066493887,0.392740725,0.013124165,0.014523234,0.005975376,0.953171824,0.013205401,8.23,37,2280,63.8,2.77,5.45,3.2,102,570,510,42,3.2
21-02-2025,1,8.23,38.75,2172.5,63.8,2.77,5.4438,3.2875,97.875,533.75,502.5,39.25,3.2,6.30898011,0.066436546,0.419146847,0.01313249,0.01453234,0.005976054,0.953796055,0.01256306,8.256,38.2,2298,63.742,2.792,5.454,3.24,93.6,550,472,38.6,3.2
21-02-2025,2,8.295,39.5,2203.75,63.655,2.825,5.4825,3.3125,96.75,536.25,468.75,37.25,3.225,6.443475862,0.062039079,0.39974731,0.013108047,0.01452739,0.005990461,0.951794529,0.014579572,8.25,40,2040,63.51,2.88,5.53,3.4,105,520,550,41,3.3
21-02-2025,3,8.2912,40.125,2082.5,63.51,2.88,5.53,3.3625,102.75,555,546.25,39.125,3.3,6.179857656,0.066904769,0.41346195,0.013142257,0.014557889,0.005978916,0.954030495,0.012290444,8.36,38,2126.6667,63.51,2.88,5.47,3.2667,96,523.3333,500,40,3.3
22-02-2025,1,8.36,40.5,2081.25,63.51,2.88,5.4625,3.375,95.625,513.75,486.25,40.5,3.3,6.411507572,0.055349688,0.354874943,0.013136048,0.014517243,0.005958241,0.952143057,0.014245412,8.36,40.5,2115,63.51,2.88,5.44,3.35,97.5,540,480,38.5,3.3
22-02-2025,2,8.355,41.25,2078.75,63.6625,2.86,5.43,3.375,100.125,526.25,475,37,3.2875,5.841711598,0.065184045,0.380786394,0.01316349,0.014514803,0.005967512,0.952533948,0.013820247,8.32,42,2010,64.12,2.8,5.46,3.4667,104,553.3333,540,39.3333,3.2
22-02-2025,3,8.3325,41.875,2006.25,64.12,2.8,5.46,3.4375,102.375,545,517.5,39.375,3.2,7.279858823,0.048697811,0.354513192,0.013101184,0.014536848,0.005958906,0.951502792,0.014900269,8.34,42,2092,64.12,2.8,5.35,3.44,101.4,522,492,41.8,3.2
23-02-2025,1,8.34,43,2077.5,64.12,2.8,5.35,3.4625,100.875,523.75,485,41,3.2,6.481012215,0.059665853,0.386695121,0.013108119,0.01449519,0.005956598,0.951134276,0.015305816,8.36,42.3333,2090,63.99,2.7867,5.5133,3.3667,100,546.6667,456.6667,38,3.2
23-02-2025,2,8.3475,43.5,2035,64.0713,2.795,5.4813,3.4625,102,525,458.75,37.625,3.2,5.987868942,0.069562294,0.416529901,0.013098366,0.014479963,0.005947054,0.950208889,0.016265729,8.4,42.25,2327.5,63.73,2.76,5.56,3.375,106.5,550,550,40.75,3.2
23-02-2025,3,8.395,42.625,2323.75,63.73,2.76,5.56,3.4,106.125,545,555,42.125,3.2,6.758244307,0.055600284,0.375760305,0.01329123,0.014490521,0.005743396,0.950631003,0.01584385,8.4,41,2170,63.73,2.76,5.56,3.4,102,530,500,43,3.2
25-02-2025,1,8.4,43,1990,63.73,2.76,5.42,3.4,102,540,520,33,3.2,9.178181818,0.047835777,0.439045455,0.013206662,0.014541202,0.005760985,0.951355351,0.015135799,8.38,40.3333,2146.6667,63.7633,2.8033,5.4267,3.3333,102,546.6667,560,34,3.1667
25-02-2025,2,8.385,41.375,2093.75,63.755,2.7925,5.4325,3.4125,101.25,552.5,560,34.25,3.1875,6.104692684,0.070514624,0.430470112,0.013184712,0.014523925,0.005812276,0.952329419,0.014149667,8.38,39.75,2190,63.83,2.89,5.44,3.325,98.25,520,490,36.75,3.1
25-02-2025,3,8.365,39.625,2206.25,63.83,2.89,5.44,3.2875,97.5,518.75,498.75,36.125,3.1,6.559661397,0.06408395,0.42036901,0.013182378,0.014511473,0.005761909,0.952455831,0.014088409,8.34,40.25,2170,63.83,2.89,5.4775,3.325,99.75,535,480,39,3.1
26-02-2025,1,8.34,40.25,2170,63.83,2.89,5.4775,3.325,99.75,535,480,39,3.1,8.90092642,0.051438044,0.457846241,0.013203853,0.014514319,0.00576396,0.952306367,0.014211502,8.3633,40,2180,63.8067,2.9,5.4967,3.3667,99,540,540,38,3.1
26-02-2025,2,8.3837,39.75,2198.75,63.7862,2.9088,5.4288,3.3375,100.125,552.5,542.5,37.625,3.0875,5.881717768,0.067196143,0.395228749,0.013245072,0.014517626,0.005767356,0.952664483,0.013805463,8.385,39,2190,63.76,2.92,5.35,3.3,97.5,535,510,40,3
26-02-2025,3,8.385,39.625,2171.25,63.76,2.92,5.35,3.325,99.75,535,516.25,38.75,3,6.520592081,0.070162873,0.457503471,0.013121537,0.01451021,0.005951453,0.952232503,0.014184297,8.41,39,2280,63.76,2.92,5.35,3.5,99,550,480,42,3
27-02-2025,1,8.41,40.75,2123.75,63.76,2.92,5.365,3.3875,101.25,532.5,475,39,3,6.024497487,0.061364948,0.369692977,0.013258134,0.014510773,0.005770203,0.952502023,0.013958868,8.41,38.5,2225,63.76,2.92,5.39,3.25,96,555,490,37,3
27-02-2025,2,8.42,39.25,2202.5,63.8325,2.8975,5.4075,3.3125,98.25,542.5,487.5,37.125,3,7.988452202,0.05422594,0.433181327,0.013192181,0.014524252,0.005772309,0.953482666,0.013028593,8.39,39,2,,,,,,,,,
